feature_name,feature_value,feature_value_all,feature_value_name,norm_score,score,type,vis
data_type,decimal,N/A,decimal,1.0,11.73238,categorical,line
data_type,decimal,N/A,decimal,0.850704,11.713326,categorical,scatter
data_type,decimal,N/A,decimal,0.0,11.604757,categorical,bar
data_type,decimal,N/A,decimal,0.703162,11.694497,categorical,box
data_type,decimal,N/A,decimal,0.261382,11.638115,categorical,histogram
data_type,decimal,N/A,decimal,0.097082,11.617147,categorical,heatmap
general_type,q,N/A,q,1.0,11.761975,categorical,line
general_type,q,N/A,q,0.879736,11.750215,categorical,scatter
general_type,q,N/A,q,0.049774,11.669057,categorical,bar
general_type,q,N/A,q,0.575151,11.720431,categorical,box
general_type,q,N/A,q,0.055944,11.66966,categorical,histogram
general_type,q,N/A,q,0.0,11.66419,categorical,heatmap
has_none,has_none_False,N/A,has_none_False,0.689348,11.786432,categorical,line
has_none,has_none_False,N/A,has_none_False,1.0,11.829418,categorical,scatter
has_none,has_none_False,N/A,has_none_False,0.911248,11.817137,categorical,bar
has_none,has_none_False,N/A,has_none_False,0.599707,11.774029,categorical,box
has_none,has_none_False,N/A,has_none_False,0.0,11.691047,categorical,histogram
has_none,has_none_False,N/A,has_none_False,0.604345,11.774671,categorical,heatmap
is_unique,is_unique_False,N/A,is_unique_False,0.924821,11.779224,categorical,line
is_unique,is_unique_False,N/A,is_unique_False,0.830166,11.769565,categorical,scatter
is_unique,is_unique_False,N/A,is_unique_False,0.0,11.684855,categorical,bar
is_unique,is_unique_False,N/A,is_unique_False,1.0,11.786895,categorical,box
is_unique,is_unique_False,N/A,is_unique_False,0.400836,11.725757,categorical,histogram
is_unique,is_unique_False,N/A,is_unique_False,0.218351,11.707136,categorical,heatmap
has_outliers,hasoutliers_15iqr,N/A,hasoutliers_15iqr,1.0,11.711281,categorical,line
has_outliers,hasoutliers_15iqr,N/A,hasoutliers_15iqr,0.995847,11.711001,categorical,scatter
has_outliers,hasoutliers_15iqr,N/A,hasoutliers_15iqr,0.0,11.643946,categorical,bar
has_outliers,hasoutliers_15iqr,N/A,hasoutliers_15iqr,0.874894,11.702857,categorical,box
has_outliers,hasoutliers_15iqr,N/A,hasoutliers_15iqr,0.047512,11.647145,categorical,histogram
has_outliers,hasoutliers_15iqr,N/A,hasoutliers_15iqr,0.097259,11.650495,categorical,heatmap
has_outliers,hasoutliers_3iqr,N/A,hasoutliers_3iqr,1.0,11.706047,categorical,line
has_outliers,hasoutliers_3iqr,N/A,hasoutliers_3iqr,0.975252,11.704444,categorical,scatter
has_outliers,hasoutliers_3iqr,N/A,hasoutliers_3iqr,0.0,11.641296,categorical,bar
has_outliers,hasoutliers_3iqr,N/A,hasoutliers_3iqr,0.883187,11.698483,categorical,box
has_outliers,hasoutliers_3iqr,N/A,hasoutliers_3iqr,0.000994,11.641361,categorical,histogram
has_outliers,hasoutliers_3iqr,N/A,hasoutliers_3iqr,0.071144,11.645903,categorical,heatmap
has_outliers,hasoutliers_1_99,N/A,hasoutliers_1_99,0.997594,11.710831,categorical,line
has_outliers,hasoutliers_1_99,N/A,hasoutliers_1_99,1.0,11.710988,categorical,scatter
has_outliers,hasoutliers_1_99,N/A,hasoutliers_1_99,0.0,11.645393,categorical,bar
has_outliers,hasoutliers_1_99,N/A,hasoutliers_1_99,0.92672,11.706182,categorical,box
has_outliers,hasoutliers_1_99,N/A,hasoutliers_1_99,0.051724,11.648786,categorical,histogram
has_outliers,hasoutliers_1_99,N/A,hasoutliers_1_99,0.088482,11.651197,categorical,heatmap
has_outliers,hasoutliers_3std,N/A,hasoutliers_3std,0.648366,11.640124,categorical,line
has_outliers,hasoutliers_3std,N/A,hasoutliers_3std,0.55747,11.631514,categorical,scatter
has_outliers,hasoutliers_3std,N/A,hasoutliers_3std,0.0,11.57871,categorical,bar
has_outliers,hasoutliers_3std,N/A,hasoutliers_3std,0.940581,11.667802,categorical,box
has_outliers,hasoutliers_3std,N/A,hasoutliers_3std,1.0,11.67343,categorical,histogram
has_outliers,hasoutliers_3std,N/A,hasoutliers_3std,0.664037,11.641608,categorical,heatmap
is_normal,isnormal_5,N/A,isnormal_5,1.0,11.7008,categorical,line
is_normal,isnormal_5,N/A,isnormal_5,0.76805,11.675184,categorical,scatter
is_normal,isnormal_5,N/A,isnormal_5,0.0,11.590363,categorical,bar
is_normal,isnormal_5,N/A,isnormal_5,0.734256,11.671452,categorical,box
is_normal,isnormal_5,N/A,isnormal_5,0.769155,11.675306,categorical,histogram
is_normal,isnormal_5,N/A,isnormal_5,0.564289,11.652681,categorical,heatmap
is_normal,isnormal_1,N/A,isnormal_1,1.0,11.699016,categorical,line
is_normal,isnormal_1,N/A,isnormal_1,0.787424,11.675035,categorical,scatter
is_normal,isnormal_1,N/A,isnormal_1,0.0,11.586204,categorical,bar
is_normal,isnormal_1,N/A,isnormal_1,0.683476,11.663308,categorical,box
is_normal,isnormal_1,N/A,isnormal_1,0.731066,11.668677,categorical,histogram
is_normal,isnormal_1,N/A,isnormal_1,0.552829,11.64857,categorical,heatmap
symbol_in_name,x,N/A,x,0.692414,11.78145,categorical,line
symbol_in_name,x,N/A,x,1.0,11.815294,categorical,scatter
symbol_in_name,x,N/A,x,0.588137,11.769976,categorical,bar
symbol_in_name,x,N/A,x,0.230168,11.730589,categorical,box
symbol_in_name,x,N/A,x,0.0,11.705263,categorical,histogram
symbol_in_name,x,N/A,x,0.838315,11.797503,categorical,heatmap
symbol_in_name,digit,N/A,digit,1.0,11.854194,categorical,line
symbol_in_name,digit,N/A,digit,0.816122,11.823907,categorical,scatter
symbol_in_name,digit,N/A,digit,0.599129,11.788166,categorical,bar
symbol_in_name,digit,N/A,digit,0.673758,11.800458,categorical,box
symbol_in_name,digit,N/A,digit,0.0,11.689482,categorical,histogram
symbol_in_name,digit,N/A,digit,0.36591,11.749752,categorical,heatmap
first_char_uppercase_name,first_char_uppercase_name_False,N/A,first_char_uppercase_name_False,0.163475,11.74135,categorical,line
first_char_uppercase_name,first_char_uppercase_name_False,N/A,first_char_uppercase_name_False,0.97157,11.808014,categorical,scatter
first_char_uppercase_name,first_char_uppercase_name_False,N/A,first_char_uppercase_name_False,0.402156,11.76104,categorical,bar
first_char_uppercase_name,first_char_uppercase_name_False,N/A,first_char_uppercase_name_False,0.0,11.727865,categorical,box
first_char_uppercase_name,first_char_uppercase_name_False,N/A,first_char_uppercase_name_False,0.004269,11.728217,categorical,histogram
first_char_uppercase_name,first_char_uppercase_name_False,N/A,first_char_uppercase_name_False,1.0,11.810359,categorical,heatmap
symbol_in_name,space,N/A,space,1.0,11.843443,categorical,line
symbol_in_name,space,N/A,space,0.6645,11.780591,categorical,scatter
symbol_in_name,space,N/A,space,0.540576,11.757375,categorical,bar
symbol_in_name,space,N/A,space,0.605227,11.769487,categorical,box
symbol_in_name,space,N/A,space,0.0,11.656105,categorical,histogram
symbol_in_name,space,N/A,space,0.272281,11.707113,categorical,heatmap
is_sorted,is_sorted_False,N/A,is_sorted_False,0.34588,11.747262,categorical,line
is_sorted,is_sorted_False,N/A,is_sorted_False,0.30487,11.742841,categorical,scatter
is_sorted,is_sorted_False,N/A,is_sorted_False,0.419205,11.755167,categorical,bar
is_sorted,is_sorted_False,N/A,is_sorted_False,1.0,11.817783,categorical,box
is_sorted,is_sorted_False,N/A,is_sorted_False,0.0,11.709973,categorical,histogram
is_sorted,is_sorted_False,N/A,is_sorted_False,0.298543,11.742159,categorical,heatmap
is_monotonic,is_monotonic_True,N/A,is_monotonic_True,1.0,11.784268,categorical,line
is_monotonic,is_monotonic_True,N/A,is_monotonic_True,0.915934,11.775873,categorical,scatter
is_monotonic,is_monotonic_True,N/A,is_monotonic_True,0.0,11.684408,categorical,bar
is_monotonic,is_monotonic_True,N/A,is_monotonic_True,0.531474,11.737481,categorical,box
is_monotonic,is_monotonic_True,N/A,is_monotonic_True,0.027781,11.687182,categorical,histogram
is_monotonic,is_monotonic_True,N/A,is_monotonic_True,0.007813,11.685188,categorical,heatmap
is_lin_space,is_lin_space_False,N/A,is_lin_space_False,0.618215,11.787231,categorical,line
is_lin_space,is_lin_space_False,N/A,is_lin_space_False,0.609358,11.786258,categorical,scatter
is_lin_space,is_lin_space_False,N/A,is_lin_space_False,0.507418,11.775064,categorical,bar
is_lin_space,is_lin_space_False,N/A,is_lin_space_False,1.0,11.829158,categorical,box
is_lin_space,is_lin_space_False,N/A,is_lin_space_False,0.0,11.71934,categorical,histogram
is_lin_space,is_lin_space_False,N/A,is_lin_space_False,0.292674,11.751481,categorical,heatmap
is_log_space,is_log_space_False,N/A,is_log_space_False,0.847104,11.787016,categorical,line
is_log_space,is_log_space_False,N/A,is_log_space_False,1.0,11.803556,categorical,scatter
is_log_space,is_log_space_False,N/A,is_log_space_False,0.848343,11.78715,categorical,bar
is_log_space,is_log_space_False,N/A,is_log_space_False,0.885895,11.791212,categorical,box
is_log_space,is_log_space_False,N/A,is_log_space_False,0.0,11.695381,categorical,histogram
is_log_space,is_log_space_False,N/A,is_log_space_False,0.591641,11.759381,categorical,heatmap
is_only_field,is_only_field_True,N/A,is_only_field_True,0.046238,11.512431,categorical,line
is_only_field,is_only_field_True,N/A,is_only_field_True,0.137789,11.534038,categorical,scatter
is_only_field,is_only_field_True,N/A,is_only_field_True,0.0,11.501518,categorical,bar
is_only_field,is_only_field_True,N/A,is_only_field_True,0.395705,11.594909,categorical,box
is_only_field,is_only_field_True,N/A,is_only_field_True,1.0,11.737529,categorical,histogram
is_only_field,is_only_field_True,N/A,is_only_field_True,0.257589,11.562312,categorical,heatmap
mean,"(-inf, 0.191694)","[0.19169357286826255, 4.191202395962129, 31.850277947456604, 281.8860048355595, 8262.562250976542]",mean_0,1.0,11.603746,continuous,line
mean,"(-inf, 0.191694)","[0.19169357286826255, 4.191202395962129, 31.850277947456604, 281.8860048355595, 8262.562250976542]",mean_0,0.871571,11.591856,continuous,scatter
mean,"(-inf, 0.191694)","[0.19169357286826255, 4.191202395962129, 31.850277947456604, 281.8860048355595, 8262.562250976542]",mean_0,0.0,11.511165,continuous,bar
mean,"(-inf, 0.191694)","[0.19169357286826255, 4.191202395962129, 31.850277947456604, 281.8860048355595, 8262.562250976542]",mean_0,0.370578,11.545474,continuous,box
mean,"(-inf, 0.191694)","[0.19169357286826255, 4.191202395962129, 31.850277947456604, 281.8860048355595, 8262.562250976542]",mean_0,0.449261,11.552758,continuous,histogram
mean,"(-inf, 0.191694)","[0.19169357286826255, 4.191202395962129, 31.850277947456604, 281.8860048355595, 8262.562250976542]",mean_0,0.277581,11.536864,continuous,heatmap
normalized_mean,"(-inf, 0.123359)","[0.12335866319556389, 0.4055944875219176, 0.5259337732099718, 0.6351002664527585, 0.7784608491774527, 0.9896777660615983]",normalized_mean_0,0.758016,11.618966,continuous,line
normalized_mean,"(-inf, 0.123359)","[0.12335866319556389, 0.4055944875219176, 0.5259337732099718, 0.6351002664527585, 0.7784608491774527, 0.9896777660615983]",normalized_mean_0,0.793392,11.622174,continuous,scatter
normalized_mean,"(-inf, 0.123359)","[0.12335866319556389, 0.4055944875219176, 0.5259337732099718, 0.6351002664527585, 0.7784608491774527, 0.9896777660615983]",normalized_mean_0,0.0,11.550235,continuous,bar
normalized_mean,"(-inf, 0.123359)","[0.12335866319556389, 0.4055944875219176, 0.5259337732099718, 0.6351002664527585, 0.7784608491774527, 0.9896777660615983]",normalized_mean_0,0.676005,11.61153,continuous,box
normalized_mean,"(-inf, 0.123359)","[0.12335866319556389, 0.4055944875219176, 0.5259337732099718, 0.6351002664527585, 0.7784608491774527, 0.9896777660615983]",normalized_mean_0,1.0,11.640908,continuous,histogram
normalized_mean,"(-inf, 0.123359)","[0.12335866319556389, 0.4055944875219176, 0.5259337732099718, 0.6351002664527585, 0.7784608491774527, 0.9896777660615983]",normalized_mean_0,0.664393,11.610477,continuous,heatmap
median,"(-inf, 0.110301)","[0.11030144243110573, 5.251452979118592, 30.791238223660386, 273.1241935483871, 10816.114516129033]",median_0,1.0,11.615693,continuous,line
median,"(-inf, 0.110301)","[0.11030144243110573, 5.251452979118592, 30.791238223660386, 273.1241935483871, 10816.114516129033]",median_0,0.871333,11.60532,continuous,scatter
median,"(-inf, 0.110301)","[0.11030144243110573, 5.251452979118592, 30.791238223660386, 273.1241935483871, 10816.114516129033]",median_0,0.0,11.53507,continuous,bar
median,"(-inf, 0.110301)","[0.11030144243110573, 5.251452979118592, 30.791238223660386, 273.1241935483871, 10816.114516129033]",median_0,0.435117,11.570151,continuous,box
median,"(-inf, 0.110301)","[0.11030144243110573, 5.251452979118592, 30.791238223660386, 273.1241935483871, 10816.114516129033]",median_0,0.531001,11.577881,continuous,histogram
median,"(-inf, 0.110301)","[0.11030144243110573, 5.251452979118592, 30.791238223660386, 273.1241935483871, 10816.114516129033]",median_0,0.259011,11.555952,continuous,heatmap
normalized_median,"(-inf, 0.000644)","[0.0006439799570568626, 0.34516593635082243, 0.5100700477919271, 0.6504355974735753, 0.8352578886189768, 0.9933362595496638]",normalized_median_0,0.862579,11.599447,continuous,line
normalized_median,"(-inf, 0.000644)","[0.0006439799570568626, 0.34516593635082243, 0.5100700477919271, 0.6504355974735753, 0.8352578886189768, 0.9933362595496638]",normalized_median_0,0.839186,11.597904,continuous,scatter
normalized_median,"(-inf, 0.000644)","[0.0006439799570568626, 0.34516593635082243, 0.5100700477919271, 0.6504355974735753, 0.8352578886189768, 0.9933362595496638]",normalized_median_0,0.0,11.542554,continuous,bar
normalized_median,"(-inf, 0.000644)","[0.0006439799570568626, 0.34516593635082243, 0.5100700477919271, 0.6504355974735753, 0.8352578886189768, 0.9933362595496638]",normalized_median_0,0.700052,11.588727,continuous,box
normalized_median,"(-inf, 0.000644)","[0.0006439799570568626, 0.34516593635082243, 0.5100700477919271, 0.6504355974735753, 0.8352578886189768, 0.9933362595496638]",normalized_median_0,1.0,11.608511,continuous,histogram
normalized_median,"(-inf, 0.000644)","[0.0006439799570568626, 0.34516593635082243, 0.5100700477919271, 0.6504355974735753, 0.8352578886189768, 0.9933362595496638]",normalized_median_0,0.556197,11.579239,continuous,heatmap
var,"(2.5e-05, 1.605201)","[2.5077526515815407e-05, 1.6052005600929224, 32.22537642817343, 802.6463076486889, 8941665.196451588]",var_1,0.837122,11.574055,continuous,line
var,"(2.5e-05, 1.605201)","[2.5077526515815407e-05, 1.6052005600929224, 32.22537642817343, 802.6463076486889, 8941665.196451588]",var_1,1.0,11.585192,continuous,scatter
var,"(2.5e-05, 1.605201)","[2.5077526515815407e-05, 1.6052005600929224, 32.22537642817343, 802.6463076486889, 8941665.196451588]",var_1,0.0,11.516815,continuous,bar
var,"(2.5e-05, 1.605201)","[2.5077526515815407e-05, 1.6052005600929224, 32.22537642817343, 802.6463076486889, 8941665.196451588]",var_1,0.97001,11.583141,continuous,box
var,"(2.5e-05, 1.605201)","[2.5077526515815407e-05, 1.6052005600929224, 32.22537642817343, 802.6463076486889, 8941665.196451588]",var_1,0.559143,11.555048,continuous,histogram
var,"(2.5e-05, 1.605201)","[2.5077526515815407e-05, 1.6052005600929224, 32.22537642817343, 802.6463076486889, 8941665.196451588]",var_1,0.087158,11.522775,continuous,heatmap
std,"(0.005013, 1.265435)","[0.00501265075057745, 1.265435202025598, 5.671287387417207, 28.329489892528905, 3000.464824061234]",std_1,0.844719,11.573231,continuous,line
std,"(0.005013, 1.265435)","[0.00501265075057745, 1.265435202025598, 5.671287387417207, 28.329489892528905, 3000.464824061234]",std_1,1.0,11.583944,continuous,scatter
std,"(0.005013, 1.265435)","[0.00501265075057745, 1.265435202025598, 5.671287387417207, 28.329489892528905, 3000.464824061234]",std_1,0.0,11.514957,continuous,bar
std,"(0.005013, 1.265435)","[0.00501265075057745, 1.265435202025598, 5.671287387417207, 28.329489892528905, 3000.464824061234]",std_1,0.965389,11.581556,continuous,box
std,"(0.005013, 1.265435)","[0.00501265075057745, 1.265435202025598, 5.671287387417207, 28.329489892528905, 3000.464824061234]",std_1,0.559435,11.553551,continuous,histogram
std,"(0.005013, 1.265435)","[0.00501265075057745, 1.265435202025598, 5.671287387417207, 28.329489892528905, 3000.464824061234]",std_1,0.097061,11.521653,continuous,heatmap
coeff_var,"(-inf, 0.003253)","[0.0032526775221941202, 0.6636052427753325, 1.7603407242221216, 5.826227477519748, 326.19710867604397]",coeff_var_0,1.0,11.658602,continuous,line
coeff_var,"(-inf, 0.003253)","[0.0032526775221941202, 0.6636052427753325, 1.7603407242221216, 5.826227477519748, 326.19710867604397]",coeff_var_0,0.968721,11.657123,continuous,scatter
coeff_var,"(-inf, 0.003253)","[0.0032526775221941202, 0.6636052427753325, 1.7603407242221216, 5.826227477519748, 326.19710867604397]",coeff_var_0,0.0,11.611321,continuous,bar
coeff_var,"(-inf, 0.003253)","[0.0032526775221941202, 0.6636052427753325, 1.7603407242221216, 5.826227477519748, 326.19710867604397]",coeff_var_0,0.654308,11.642257,continuous,box
coeff_var,"(-inf, 0.003253)","[0.0032526775221941202, 0.6636052427753325, 1.7603407242221216, 5.826227477519748, 326.19710867604397]",coeff_var_0,0.258379,11.623538,continuous,histogram
coeff_var,"(-inf, 0.003253)","[0.0032526775221941202, 0.6636052427753325, 1.7603407242221216, 5.826227477519748, 326.19710867604397]",coeff_var_0,0.046123,11.613502,continuous,heatmap
min,"(-inf, 0.260567)","[0.26056706418914133, 1.817272958832402, 9.322483742621632, 69.52466286197784, 2234.3465037487395]",min_0,1.0,11.688019,continuous,line
min,"(-inf, 0.260567)","[0.26056706418914133, 1.817272958832402, 9.322483742621632, 69.52466286197784, 2234.3465037487395]",min_0,0.906897,11.680125,continuous,scatter
min,"(-inf, 0.260567)","[0.26056706418914133, 1.817272958832402, 9.322483742621632, 69.52466286197784, 2234.3465037487395]",min_0,0.0,11.603233,continuous,bar
min,"(-inf, 0.260567)","[0.26056706418914133, 1.817272958832402, 9.322483742621632, 69.52466286197784, 2234.3465037487395]",min_0,0.314596,11.629906,continuous,box
min,"(-inf, 0.260567)","[0.26056706418914133, 1.817272958832402, 9.322483742621632, 69.52466286197784, 2234.3465037487395]",min_0,0.22554,11.622355,continuous,histogram
min,"(-inf, 0.260567)","[0.26056706418914133, 1.817272958832402, 9.322483742621632, 69.52466286197784, 2234.3465037487395]",min_0,0.188048,11.619176,continuous,heatmap
max,"(1.36951, 5.469374)","[1.3695104261367552, 5.469374160151327, 19.999878525272493, 56.596889114379884, 639.0702552057083, 26214.49350302417]",max_1,0.461914,11.607349,continuous,line
max,"(1.36951, 5.469374)","[1.3695104261367552, 5.469374160151327, 19.999878525272493, 56.596889114379884, 639.0702552057083, 26214.49350302417]",max_1,1.0,11.63218,continuous,scatter
max,"(1.36951, 5.469374)","[1.3695104261367552, 5.469374160151327, 19.999878525272493, 56.596889114379884, 639.0702552057083, 26214.49350302417]",max_1,0.0,11.586033,continuous,bar
max,"(1.36951, 5.469374)","[1.3695104261367552, 5.469374160151327, 19.999878525272493, 56.596889114379884, 639.0702552057083, 26214.49350302417]",max_1,0.68809,11.617786,continuous,box
max,"(1.36951, 5.469374)","[1.3695104261367552, 5.469374160151327, 19.999878525272493, 56.596889114379884, 639.0702552057083, 26214.49350302417]",max_1,0.42932,11.605845,continuous,histogram
max,"(1.36951, 5.469374)","[1.3695104261367552, 5.469374160151327, 19.999878525272493, 56.596889114379884, 639.0702552057083, 26214.49350302417]",max_1,0.085362,11.589973,continuous,heatmap
range,"(1.884129, 6.755744)","[0.0010489814216271044, 1.884129064832964, 6.755743844124582, 34.00012734936129, 164.90136858540188, 27356.06338867178]",range_2,0.564721,11.600051,continuous,line
range,"(1.884129, 6.755744)","[0.0010489814216271044, 1.884129064832964, 6.755743844124582, 34.00012734936129, 164.90136858540188, 27356.06338867178]",range_2,1.0,11.621399,continuous,scatter
range,"(1.884129, 6.755744)","[0.0010489814216271044, 1.884129064832964, 6.755743844124582, 34.00012734936129, 164.90136858540188, 27356.06338867178]",range_2,0.0,11.572355,continuous,bar
range,"(1.884129, 6.755744)","[0.0010489814216271044, 1.884129064832964, 6.755743844124582, 34.00012734936129, 164.90136858540188, 27356.06338867178]",range_2,0.774402,11.610334,continuous,box
range,"(1.884129, 6.755744)","[0.0010489814216271044, 1.884129064832964, 6.755743844124582, 34.00012734936129, 164.90136858540188, 27356.06338867178]",range_2,0.413647,11.592642,continuous,histogram
range,"(1.884129, 6.755744)","[0.0010489814216271044, 1.884129064832964, 6.755743844124582, 34.00012734936129, 164.90136858540188, 27356.06338867178]",range_2,0.127105,11.578589,continuous,heatmap
normalized_range,"(-inf, 0.023459)","[0.023459269971616813, 0.4650886678887952, 1.0605909924353323, 1.7842451153262968, 2.6604745115772372, 21.228070812840613]",normalized_range_0,1.0,11.667624,continuous,line
normalized_range,"(-inf, 0.023459)","[0.023459269971616813, 0.4650886678887952, 1.0605909924353323, 1.7842451153262968, 2.6604745115772372, 21.228070812840613]",normalized_range_0,0.950654,11.665242,continuous,scatter
normalized_range,"(-inf, 0.023459)","[0.023459269971616813, 0.4650886678887952, 1.0605909924353323, 1.7842451153262968, 2.6604745115772372, 21.228070812840613]",normalized_range_0,0.0,11.619366,continuous,bar
normalized_range,"(-inf, 0.023459)","[0.023459269971616813, 0.4650886678887952, 1.0605909924353323, 1.7842451153262968, 2.6604745115772372, 21.228070812840613]",normalized_range_0,0.38161,11.637782,continuous,box
normalized_range,"(-inf, 0.023459)","[0.023459269971616813, 0.4650886678887952, 1.0605909924353323, 1.7842451153262968, 2.6604745115772372, 21.228070812840613]",normalized_range_0,0.092393,11.623825,continuous,histogram
normalized_range,"(-inf, 0.023459)","[0.023459269971616813, 0.4650886678887952, 1.0605909924353323, 1.7842451153262968, 2.6604745115772372, 21.228070812840613]",normalized_range_0,0.138958,11.626072,continuous,heatmap
entropy,"(-inf, 0.224124)","[0.2241236507892609, 1.3727904235932133, 2.299301989847614, 3.066440336473527, 4.227416124036235, 7.226597045621564]",entropy_0,0.835259,11.672438,continuous,line
entropy,"(-inf, 0.224124)","[0.2241236507892609, 1.3727904235932133, 2.299301989847614, 3.066440336473527, 4.227416124036235, 7.226597045621564]",entropy_0,1.0,11.681817,continuous,scatter
entropy,"(-inf, 0.224124)","[0.2241236507892609, 1.3727904235932133, 2.299301989847614, 3.066440336473527, 4.227416124036235, 7.226597045621564]",entropy_0,0.0,11.624887,continuous,bar
entropy,"(-inf, 0.224124)","[0.2241236507892609, 1.3727904235932133, 2.299301989847614, 3.066440336473527, 4.227416124036235, 7.226597045621564]",entropy_0,0.362615,11.64553,continuous,box
entropy,"(-inf, 0.224124)","[0.2241236507892609, 1.3727904235932133, 2.299301989847614, 3.066440336473527, 4.227416124036235, 7.226597045621564]",entropy_0,0.517644,11.654356,continuous,histogram
entropy,"(-inf, 0.224124)","[0.2241236507892609, 1.3727904235932133, 2.299301989847614, 3.066440336473527, 4.227416124036235, 7.226597045621564]",entropy_0,0.407139,11.648065,continuous,heatmap
gini,"(0.179467, 0.266161)","[0.00395054218449419, 0.09158154010772704, 0.17946683315019454, 0.2661612808704376, 0.381471216414244, 0.5444116135758735]",gini_3,0.89497,11.696579,continuous,line
gini,"(0.179467, 0.266161)","[0.00395054218449419, 0.09158154010772704, 0.17946683315019454, 0.2661612808704376, 0.381471216414244, 0.5444116135758735]",gini_3,1.0,11.704894,continuous,scatter
gini,"(0.179467, 0.266161)","[0.00395054218449419, 0.09158154010772704, 0.17946683315019454, 0.2661612808704376, 0.381471216414244, 0.5444116135758735]",gini_3,0.311371,11.650374,continuous,bar
gini,"(0.179467, 0.266161)","[0.00395054218449419, 0.09158154010772704, 0.17946683315019454, 0.2661612808704376, 0.381471216414244, 0.5444116135758735]",gini_3,0.91662,11.698293,continuous,box
gini,"(0.179467, 0.266161)","[0.00395054218449419, 0.09158154010772704, 0.17946683315019454, 0.2661612808704376, 0.381471216414244, 0.5444116135758735]",gini_3,0.0,11.625722,continuous,histogram
gini,"(0.179467, 0.266161)","[0.00395054218449419, 0.09158154010772704, 0.17946683315019454, 0.2661612808704376, 0.381471216414244, 0.5444116135758735]",gini_3,0.112602,11.634637,continuous,heatmap
q25,"(-inf, 0.003833)","[0.00383262092795884, 0.993269883817242, 2.486012015035075, 17.989219874720412, 2000.9977107878653]",q25_0,1.0,11.654959,continuous,line
q25,"(-inf, 0.003833)","[0.00383262092795884, 0.993269883817242, 2.486012015035075, 17.989219874720412, 2000.9977107878653]",q25_0,0.858899,11.643645,continuous,scatter
q25,"(-inf, 0.003833)","[0.00383262092795884, 0.993269883817242, 2.486012015035075, 17.989219874720412, 2000.9977107878653]",q25_0,0.0,11.574775,continuous,bar
q25,"(-inf, 0.003833)","[0.00383262092795884, 0.993269883817242, 2.486012015035075, 17.989219874720412, 2000.9977107878653]",q25_0,0.451153,11.61095,continuous,box
q25,"(-inf, 0.003833)","[0.00383262092795884, 0.993269883817242, 2.486012015035075, 17.989219874720412, 2000.9977107878653]",q25_0,0.449238,11.610797,continuous,histogram
q25,"(-inf, 0.003833)","[0.00383262092795884, 0.993269883817242, 2.486012015035075, 17.989219874720412, 2000.9977107878653]",q25_0,0.255809,11.595287,continuous,heatmap
q75,"(-inf, 0.007131)","[0.007131026095875928, 1.65858569099057, 18.23213297659351, 2009.0132802261844]",q75_0,1.0,11.659146,continuous,line
q75,"(-inf, 0.007131)","[0.007131026095875928, 1.65858569099057, 18.23213297659351, 2009.0132802261844]",q75_0,0.86438,11.648474,continuous,scatter
q75,"(-inf, 0.007131)","[0.007131026095875928, 1.65858569099057, 18.23213297659351, 2009.0132802261844]",q75_0,0.0,11.580458,continuous,bar
q75,"(-inf, 0.007131)","[0.007131026095875928, 1.65858569099057, 18.23213297659351, 2009.0132802261844]",q75_0,0.489815,11.619,continuous,box
q75,"(-inf, 0.007131)","[0.007131026095875928, 1.65858569099057, 18.23213297659351, 2009.0132802261844]",q75_0,0.486089,11.618707,continuous,histogram
q75,"(-inf, 0.007131)","[0.007131026095875928, 1.65858569099057, 18.23213297659351, 2009.0132802261844]",q75_0,0.271641,11.601832,continuous,heatmap
med_abs_dev,"(-inf, 2.4e-05)","[2.4265916763397396e-05, 0.7801671246847797, 2.1782844193520083, 13.450038244185908, 2452.4554838709664]",med_abs_dev_0,1.0,11.632175,continuous,line
med_abs_dev,"(-inf, 2.4e-05)","[2.4265916763397396e-05, 0.7801671246847797, 2.1782844193520083, 13.450038244185908, 2452.4554838709664]",med_abs_dev_0,0.799068,11.621858,continuous,scatter
med_abs_dev,"(-inf, 2.4e-05)","[2.4265916763397396e-05, 0.7801671246847797, 2.1782844193520083, 13.450038244185908, 2452.4554838709664]",med_abs_dev_0,0.093161,11.585611,continuous,bar
med_abs_dev,"(-inf, 2.4e-05)","[2.4265916763397396e-05, 0.7801671246847797, 2.1782844193520083, 13.450038244185908, 2452.4554838709664]",med_abs_dev_0,0.573483,11.610274,continuous,box
med_abs_dev,"(-inf, 2.4e-05)","[2.4265916763397396e-05, 0.7801671246847797, 2.1782844193520083, 13.450038244185908, 2452.4554838709664]",med_abs_dev_0,0.489766,11.605976,continuous,histogram
med_abs_dev,"(-inf, 2.4e-05)","[2.4265916763397396e-05, 0.7801671246847797, 2.1782844193520083, 13.450038244185908, 2452.4554838709664]",med_abs_dev_0,0.0,11.580828,continuous,heatmap
avg_abs_dev,"(0.001691, 0.899254)","[0.0016913167480379343, 0.8992536992026909, 4.595696832287696, 21.805817592374737, 2579.856231098791]",avg_abs_dev_1,0.849017,11.580116,continuous,line
avg_abs_dev,"(0.001691, 0.899254)","[0.0016913167480379343, 0.8992536992026909, 4.595696832287696, 21.805817592374737, 2579.856231098791]",avg_abs_dev_1,1.0,11.590981,continuous,scatter
avg_abs_dev,"(0.001691, 0.899254)","[0.0016913167480379343, 0.8992536992026909, 4.595696832287696, 21.805817592374737, 2579.856231098791]",avg_abs_dev_1,0.0,11.519018,continuous,bar
avg_abs_dev,"(0.001691, 0.899254)","[0.0016913167480379343, 0.8992536992026909, 4.595696832287696, 21.805817592374737, 2579.856231098791]",avg_abs_dev_1,0.956961,11.587884,continuous,box
avg_abs_dev,"(0.001691, 0.899254)","[0.0016913167480379343, 0.8992536992026909, 4.595696832287696, 21.805817592374737, 2579.856231098791]",avg_abs_dev_1,0.566119,11.559758,continuous,histogram
avg_abs_dev,"(0.001691, 0.899254)","[0.0016913167480379343, 0.8992536992026909, 4.595696832287696, 21.805817592374737, 2579.856231098791]",avg_abs_dev_1,0.142309,11.529259,continuous,heatmap
quant_coeff_disp,"(-inf, 1e-06)","[8.880032987873734e-07, 0.0017868509422987698, 0.019905503821228777, 0.3483862898330532]",quant_coeff_disp_0,0.771387,11.706567,continuous,line
quant_coeff_disp,"(-inf, 1e-06)","[8.880032987873734e-07, 0.0017868509422987698, 0.019905503821228777, 0.3483862898330532]",quant_coeff_disp_0,0.720669,11.703277,continuous,scatter
quant_coeff_disp,"(-inf, 1e-06)","[8.880032987873734e-07, 0.0017868509422987698, 0.019905503821228777, 0.3483862898330532]",quant_coeff_disp_0,0.0,11.65653,continuous,bar
quant_coeff_disp,"(-inf, 1e-06)","[8.880032987873734e-07, 0.0017868509422987698, 0.019905503821228777, 0.3483862898330532]",quant_coeff_disp_0,1.0,11.721396,continuous,box
quant_coeff_disp,"(-inf, 1e-06)","[8.880032987873734e-07, 0.0017868509422987698, 0.019905503821228777, 0.3483862898330532]",quant_coeff_disp_0,0.628258,11.697283,continuous,histogram
quant_coeff_disp,"(-inf, 1e-06)","[8.880032987873734e-07, 0.0017868509422987698, 0.019905503821228777, 0.3483862898330532]",quant_coeff_disp_0,0.22981,11.671437,continuous,heatmap
skewness,"(0.00147, 0.622371)","[-0.393793818426709, -0.008621457328779593, 0.00147035170271392, 0.6223711049364465, 3.101168877463187]",skewness_3,0.834628,11.680071,continuous,line
skewness,"(0.00147, 0.622371)","[-0.393793818426709, -0.008621457328779593, 0.00147035170271392, 0.6223711049364465, 3.101168877463187]",skewness_3,1.0,11.692522,continuous,scatter
skewness,"(0.00147, 0.622371)","[-0.393793818426709, -0.008621457328779593, 0.00147035170271392, 0.6223711049364465, 3.101168877463187]",skewness_3,0.233078,11.634781,continuous,bar
skewness,"(0.00147, 0.622371)","[-0.393793818426709, -0.008621457328779593, 0.00147035170271392, 0.6223711049364465, 3.101168877463187]",skewness_3,0.863291,11.682229,continuous,box
skewness,"(0.00147, 0.622371)","[-0.393793818426709, -0.008621457328779593, 0.00147035170271392, 0.6223711049364465, 3.101168877463187]",skewness_3,0.0,11.617233,continuous,histogram
skewness,"(0.00147, 0.622371)","[-0.393793818426709, -0.008621457328779593, 0.00147035170271392, 0.6223711049364465, 3.101168877463187]",skewness_3,0.16336,11.629532,continuous,heatmap
kurtosis,"(1.576615, 12.258252)","[-1.484341488230613, -1.1909797564629585, -0.8387569783387647, -0.17026565258541418, 1.5766148755627292, 12.258251583653113]",kurtosis_5,0.565263,11.638064,continuous,line
kurtosis,"(1.576615, 12.258252)","[-1.484341488230613, -1.1909797564629585, -0.8387569783387647, -0.17026565258541418, 1.5766148755627292, 12.258251583653113]",kurtosis_5,0.486491,11.632372,continuous,scatter
kurtosis,"(1.576615, 12.258252)","[-1.484341488230613, -1.1909797564629585, -0.8387569783387647, -0.17026565258541418, 1.5766148755627292, 12.258251583653113]",kurtosis_5,0.0,11.59722,continuous,bar
kurtosis,"(1.576615, 12.258252)","[-1.484341488230613, -1.1909797564629585, -0.8387569783387647, -0.17026565258541418, 1.5766148755627292, 12.258251583653113]",kurtosis_5,1.0,11.669477,continuous,box
kurtosis,"(1.576615, 12.258252)","[-1.484341488230613, -1.1909797564629585, -0.8387569783387647, -0.17026565258541418, 1.5766148755627292, 12.258251583653113]",kurtosis_5,0.725042,11.649609,continuous,histogram
kurtosis,"(1.576615, 12.258252)","[-1.484341488230613, -1.1909797564629585, -0.8387569783387647, -0.17026565258541418, 1.5766148755627292, 12.258251583653113]",kurtosis_5,0.427051,11.628077,continuous,heatmap
moment_5,"(-0.0, 0.355497)","[-1201.2660502772187, -5.1192298600893e-08, 0.3554970558420264, 6066.188035534273, 602660358950995.5]",moment_5_2,1.0,11.65769,continuous,line
moment_5,"(-0.0, 0.355497)","[-1201.2660502772187, -5.1192298600893e-08, 0.3554970558420264, 6066.188035534273, 602660358950995.5]",moment_5_2,0.994226,11.657123,continuous,scatter
moment_5,"(-0.0, 0.355497)","[-1201.2660502772187, -5.1192298600893e-08, 0.3554970558420264, 6066.188035534273, 602660358950995.5]",moment_5_2,0.39375,11.598086,continuous,bar
moment_5,"(-0.0, 0.355497)","[-1201.2660502772187, -5.1192298600893e-08, 0.3554970558420264, 6066.188035534273, 602660358950995.5]",moment_5_2,0.155926,11.574704,continuous,box
moment_5,"(-0.0, 0.355497)","[-1201.2660502772187, -5.1192298600893e-08, 0.3554970558420264, 6066.188035534273, 602660358950995.5]",moment_5_2,0.0,11.559374,continuous,histogram
moment_5,"(-0.0, 0.355497)","[-1201.2660502772187, -5.1192298600893e-08, 0.3554970558420264, 6066.188035534273, 602660358950995.5]",moment_5_2,0.199391,11.578978,continuous,heatmap
moment_6,"(0.0, 24.470863)","[3.7047958857628857e-13, 24.470863465339907, 2608316.9706451613, 44125102529.89933, 1.3190857928921512e+20]",moment_6_1,0.808682,11.575915,continuous,line
moment_6,"(0.0, 24.470863)","[3.7047958857628857e-13, 24.470863465339907, 2608316.9706451613, 44125102529.89933, 1.3190857928921512e+20]",moment_6_1,1.0,11.58899,continuous,scatter
moment_6,"(0.0, 24.470863)","[3.7047958857628857e-13, 24.470863465339907, 2608316.9706451613, 44125102529.89933, 1.3190857928921512e+20]",moment_6_1,0.0,11.520649,continuous,bar
moment_6,"(0.0, 24.470863)","[3.7047958857628857e-13, 24.470863465339907, 2608316.9706451613, 44125102529.89933, 1.3190857928921512e+20]",moment_6_1,0.883577,11.581033,continuous,box
moment_6,"(0.0, 24.470863)","[3.7047958857628857e-13, 24.470863465339907, 2608316.9706451613, 44125102529.89933, 1.3190857928921512e+20]",moment_6_1,0.461297,11.552175,continuous,histogram
moment_6,"(0.0, 24.470863)","[3.7047958857628857e-13, 24.470863465339907, 2608316.9706451613, 44125102529.89933, 1.3190857928921512e+20]",moment_6_1,0.040148,11.523393,continuous,heatmap
moment_7,"(0.035443, 35631.606717)","[-8080.4938661637225, -1.1803249820933025e-29, 0.03544333368539812, 35631.60671685985, 2.9994971860657484e+19]",moment_7_3,0.620312,11.600193,continuous,line
moment_7,"(0.035443, 35631.606717)","[-8080.4938661637225, -1.1803249820933025e-29, 0.03544333368539812, 35631.60671685985, 2.9994971860657484e+19]",moment_7_3,0.715949,11.605703,continuous,scatter
moment_7,"(0.035443, 35631.606717)","[-8080.4938661637225, -1.1803249820933025e-29, 0.03544333368539812, 35631.60671685985, 2.9994971860657484e+19]",moment_7_3,0.0,11.564451,continuous,bar
moment_7,"(0.035443, 35631.606717)","[-8080.4938661637225, -1.1803249820933025e-29, 0.03544333368539812, 35631.60671685985, 2.9994971860657484e+19]",moment_7_3,1.0,11.62207,continuous,box
moment_7,"(0.035443, 35631.606717)","[-8080.4938661637225, -1.1803249820933025e-29, 0.03544333368539812, 35631.60671685985, 2.9994971860657484e+19]",moment_7_3,0.342451,11.584183,continuous,histogram
moment_7,"(0.035443, 35631.606717)","[-8080.4938661637225, -1.1803249820933025e-29, 0.03544333368539812, 35631.60671685985, 2.9994971860657484e+19]",moment_7_3,0.069344,11.568447,continuous,heatmap
moment_8,"(0.0, 105.55833)","[6.96370545438728e-17, 105.55832996983654, 7902707318.585811, 313954491464076.7, 2.5877225658845137e+24]",moment_8_1,0.774322,11.572253,continuous,line
moment_8,"(0.0, 105.55833)","[6.96370545438728e-17, 105.55832996983654, 7902707318.585811, 313954491464076.7, 2.5877225658845137e+24]",moment_8_1,1.0,11.587235,continuous,scatter
moment_8,"(0.0, 105.55833)","[6.96370545438728e-17, 105.55832996983654, 7902707318.585811, 313954491464076.7, 2.5877225658845137e+24]",moment_8_1,0.0,11.520847,continuous,bar
moment_8,"(0.0, 105.55833)","[6.96370545438728e-17, 105.55832996983654, 7902707318.585811, 313954491464076.7, 2.5877225658845137e+24]",moment_8_1,0.83166,11.576059,continuous,box
moment_8,"(0.0, 105.55833)","[6.96370545438728e-17, 105.55832996983654, 7902707318.585811, 313954491464076.7, 2.5877225658845137e+24]",moment_8_1,0.371046,11.54548,continuous,histogram
moment_8,"(0.0, 105.55833)","[6.96370545438728e-17, 105.55832996983654, 7902707318.585811, 313954491464076.7, 2.5877225658845137e+24]",moment_8_1,0.009112,11.521452,continuous,heatmap
moment_9,"(0.816748, 15399884.174839)","[-1401645.8064516135, -8.465492734351432e-15, 0.8167481387046068, 15399884.174838709, 7.281524997937811e+17]",moment_9_3,0.512232,11.592753,continuous,line
moment_9,"(0.816748, 15399884.174839)","[-1401645.8064516135, -8.465492734351432e-15, 0.8167481387046068, 15399884.174838709, 7.281524997937811e+17]",moment_9_3,0.65525,11.60007,continuous,scatter
moment_9,"(0.816748, 15399884.174839)","[-1401645.8064516135, -8.465492734351432e-15, 0.8167481387046068, 15399884.174838709, 7.281524997937811e+17]",moment_9_3,0.0,11.566547,continuous,bar
moment_9,"(0.816748, 15399884.174839)","[-1401645.8064516135, -8.465492734351432e-15, 0.8167481387046068, 15399884.174838709, 7.281524997937811e+17]",moment_9_3,1.0,11.617708,continuous,box
moment_9,"(0.816748, 15399884.174839)","[-1401645.8064516135, -8.465492734351432e-15, 0.8167481387046068, 15399884.174838709, 7.281524997937811e+17]",moment_9_3,0.293081,11.581542,continuous,histogram
moment_9,"(0.816748, 15399884.174839)","[-1401645.8064516135, -8.465492734351432e-15, 0.8167481387046068, 15399884.174838709, 7.281524997937811e+17]",moment_9_3,0.084851,11.570888,continuous,heatmap
moment_10,"(0.094008, 2059.777588)","[9.571977461719663e-21, 0.0940079336397108, 2059.777588441911, 26054988855.494194, 2553332197612500.0, 5.3882306893310606e+26]",moment_10_2,0.57404,11.587925,continuous,line
moment_10,"(0.094008, 2059.777588)","[9.571977461719663e-21, 0.0940079336397108, 2059.777588441911, 26054988855.494194, 2553332197612500.0, 5.3882306893310606e+26]",moment_10_2,1.0,11.610627,continuous,scatter
moment_10,"(0.094008, 2059.777588)","[9.571977461719663e-21, 0.0940079336397108, 2059.777588441911, 26054988855.494194, 2553332197612500.0, 5.3882306893310606e+26]",moment_10_2,0.0,11.557332,continuous,bar
moment_10,"(0.094008, 2059.777588)","[9.571977461719663e-21, 0.0940079336397108, 2059.777588441911, 26054988855.494194, 2553332197612500.0, 5.3882306893310606e+26]",moment_10_2,0.781277,11.59897,continuous,box
moment_10,"(0.094008, 2059.777588)","[9.571977461719663e-21, 0.0940079336397108, 2059.777588441911, 26054988855.494194, 2553332197612500.0, 5.3882306893310606e+26]",moment_10_2,0.466842,11.582212,continuous,histogram
moment_10,"(0.094008, 2059.777588)","[9.571977461719663e-21, 0.0940079336397108, 2059.777588441911, 26054988855.494194, 2553332197612500.0, 5.3882306893310606e+26]",moment_10_2,0.13403,11.564475,continuous,heatmap
percent_outliers_15iqr,"(0.704874, 0.90858)","[0.7048739443479046, 0.9085796858033824, 0.9596259197881145, 0.9843483797965511]",percent_outliers_15iqr_1,0.695352,11.65629,continuous,line
percent_outliers_15iqr,"(0.704874, 0.90858)","[0.7048739443479046, 0.9085796858033824, 0.9596259197881145, 0.9843483797965511]",percent_outliers_15iqr_1,1.0,11.693885,continuous,scatter
percent_outliers_15iqr,"(0.704874, 0.90858)","[0.7048739443479046, 0.9085796858033824, 0.9596259197881145, 0.9843483797965511]",percent_outliers_15iqr_1,0.804365,11.669743,continuous,bar
percent_outliers_15iqr,"(0.704874, 0.90858)","[0.7048739443479046, 0.9085796858033824, 0.9596259197881145, 0.9843483797965511]",percent_outliers_15iqr_1,0.640043,11.649464,continuous,box
percent_outliers_15iqr,"(0.704874, 0.90858)","[0.7048739443479046, 0.9085796858033824, 0.9596259197881145, 0.9843483797965511]",percent_outliers_15iqr_1,0.0,11.570479,continuous,histogram
percent_outliers_15iqr,"(0.704874, 0.90858)","[0.7048739443479046, 0.9085796858033824, 0.9596259197881145, 0.9843483797965511]",percent_outliers_15iqr_1,0.353659,11.614123,continuous,heatmap
percent_outliers_3iqr,"(0.80546, 0.900002)","[0.3299883709799859, 0.7134887467661212, 0.8054596785576114, 0.9000023295802454, 0.9631309172030418, 0.9775492457612869]",percent_outliers_3iqr_3,0.740289,11.676354,continuous,line
percent_outliers_3iqr,"(0.80546, 0.900002)","[0.3299883709799859, 0.7134887467661212, 0.8054596785576114, 0.9000023295802454, 0.9631309172030418, 0.9775492457612869]",percent_outliers_3iqr_3,1.0,11.703014,continuous,scatter
percent_outliers_3iqr,"(0.80546, 0.900002)","[0.3299883709799859, 0.7134887467661212, 0.8054596785576114, 0.9000023295802454, 0.9631309172030418, 0.9775492457612869]",percent_outliers_3iqr_3,0.636007,11.66565,continuous,bar
percent_outliers_3iqr,"(0.80546, 0.900002)","[0.3299883709799859, 0.7134887467661212, 0.8054596785576114, 0.9000023295802454, 0.9631309172030418, 0.9775492457612869]",percent_outliers_3iqr_3,0.621928,11.664204,continuous,box
percent_outliers_3iqr,"(0.80546, 0.900002)","[0.3299883709799859, 0.7134887467661212, 0.8054596785576114, 0.9000023295802454, 0.9631309172030418, 0.9775492457612869]",percent_outliers_3iqr_3,0.0,11.600363,continuous,histogram
percent_outliers_3iqr,"(0.80546, 0.900002)","[0.3299883709799859, 0.7134887467661212, 0.8054596785576114, 0.9000023295802454, 0.9631309172030418, 0.9775492457612869]",percent_outliers_3iqr_3,0.286026,11.629724,continuous,heatmap
percent_outliers_1_99,"(0.086969, 0.916514)","[0.08696898928573053, 0.9165140006619115, 0.9907972921863679]",percent_outliers_1_99_1,0.57543,11.657508,continuous,line
percent_outliers_1_99,"(0.086969, 0.916514)","[0.08696898928573053, 0.9165140006619115, 0.9907972921863679]",percent_outliers_1_99_1,0.518138,11.653244,continuous,scatter
percent_outliers_1_99,"(0.086969, 0.916514)","[0.08696898928573053, 0.9165140006619115, 0.9907972921863679]",percent_outliers_1_99_1,0.347656,11.640557,continuous,bar
percent_outliers_1_99,"(0.086969, 0.916514)","[0.08696898928573053, 0.9165140006619115, 0.9907972921863679]",percent_outliers_1_99_1,1.0,11.689105,continuous,box
percent_outliers_1_99,"(0.086969, 0.916514)","[0.08696898928573053, 0.9165140006619115, 0.9907972921863679]",percent_outliers_1_99_1,0.213477,11.630571,continuous,histogram
percent_outliers_1_99,"(0.086969, 0.916514)","[0.08696898928573053, 0.9165140006619115, 0.9907972921863679]",percent_outliers_1_99_1,0.0,11.614683,continuous,heatmap
percent_outliers_3std,"(-inf, 0.02958)",[0.029580399275066387],percent_outliers_3std_0,1.0,11.73357,continuous,line
percent_outliers_3std,"(-inf, 0.02958)",[0.029580399275066387],percent_outliers_3std_0,0.973777,11.73055,continuous,scatter
percent_outliers_3std,"(-inf, 0.02958)",[0.029580399275066387],percent_outliers_3std_0,0.386485,11.662909,continuous,bar
percent_outliers_3std,"(-inf, 0.02958)",[0.029580399275066387],percent_outliers_3std_0,0.503238,11.676356,continuous,box
percent_outliers_3std,"(-inf, 0.02958)",[0.029580399275066387],percent_outliers_3std_0,0.0,11.618396,continuous,histogram
percent_outliers_3std,"(-inf, 0.02958)",[0.029580399275066387],percent_outliers_3std_0,0.137814,11.634269,continuous,heatmap
normality_statistic,"(11.224123, 40.290321)","[2.4420980342741934, 11.224123300121676, 40.29032087326056, 278.8104670961443, 2755.4830602633538]",normality_statistic_2,1.0,11.679804,continuous,line
normality_statistic,"(11.224123, 40.290321)","[2.4420980342741934, 11.224123300121676, 40.29032087326056, 278.8104670961443, 2755.4830602633538]",normality_statistic_2,0.681362,11.657726,continuous,scatter
normality_statistic,"(11.224123, 40.290321)","[2.4420980342741934, 11.224123300121676, 40.29032087326056, 278.8104670961443, 2755.4830602633538]",normality_statistic_2,0.0,11.610514,continuous,bar
normality_statistic,"(11.224123, 40.290321)","[2.4420980342741934, 11.224123300121676, 40.29032087326056, 278.8104670961443, 2755.4830602633538]",normality_statistic_2,0.868112,11.670666,continuous,box
normality_statistic,"(11.224123, 40.290321)","[2.4420980342741934, 11.224123300121676, 40.29032087326056, 278.8104670961443, 2755.4830602633538]",normality_statistic_2,0.41389,11.639192,continuous,histogram
normality_statistic,"(11.224123, 40.290321)","[2.4420980342741934, 11.224123300121676, 40.29032087326056, 278.8104670961443, 2755.4830602633538]",normality_statistic_2,0.440524,11.641038,continuous,heatmap
normality_p,"(0.0, 0.000443)","[1.414449563859021e-12, 0.00044312036605626947, 0.11218227241308461, 0.5909588890883231]",normality_p_1,1.0,11.681373,continuous,line
normality_p,"(0.0, 0.000443)","[1.414449563859021e-12, 0.00044312036605626947, 0.11218227241308461, 0.5909588890883231]",normality_p_1,0.708548,11.660992,continuous,scatter
normality_p,"(0.0, 0.000443)","[1.414449563859021e-12, 0.00044312036605626947, 0.11218227241308461, 0.5909588890883231]",normality_p_1,0.0,11.611442,continuous,bar
normality_p,"(0.0, 0.000443)","[1.414449563859021e-12, 0.00044312036605626947, 0.11218227241308461, 0.5909588890883231]",normality_p_1,0.991411,11.680773,continuous,box
normality_p,"(0.0, 0.000443)","[1.414449563859021e-12, 0.00044312036605626947, 0.11218227241308461, 0.5909588890883231]",normality_p_1,0.59611,11.653129,continuous,histogram
normality_p,"(0.0, 0.000443)","[1.414449563859021e-12, 0.00044312036605626947, 0.11218227241308461, 0.5909588890883231]",normality_p_1,0.486575,11.645469,continuous,heatmap
field_name_length,"(-inf, 5.044516)",[5.044516129032258],field_name_length_0,0.199838,11.747347,continuous,line
field_name_length,"(-inf, 5.044516)",[5.044516129032258],field_name_length_0,0.985092,11.815499,continuous,scatter
field_name_length,"(-inf, 5.044516)",[5.044516129032258],field_name_length_0,0.836956,11.802642,continuous,bar
field_name_length,"(-inf, 5.044516)",[5.044516129032258],field_name_length_0,0.344647,11.759915,continuous,box
field_name_length,"(-inf, 5.044516)",[5.044516129032258],field_name_length_0,0.0,11.730004,continuous,histogram
field_name_length,"(-inf, 5.044516)",[5.044516129032258],field_name_length_0,1.0,11.816793,continuous,heatmap
num_uppercase_characters,"(-inf, 0.0)",[0.0],num_uppercase_characters_0,0.262061,11.756791,continuous,line
num_uppercase_characters,"(-inf, 0.0)",[0.0],num_uppercase_characters_0,1.0,11.817588,continuous,scatter
num_uppercase_characters,"(-inf, 0.0)",[0.0],num_uppercase_characters_0,0.383174,11.76677,continuous,bar
num_uppercase_characters,"(-inf, 0.0)",[0.0],num_uppercase_characters_0,0.031438,11.737791,continuous,box
num_uppercase_characters,"(-inf, 0.0)",[0.0],num_uppercase_characters_0,0.0,11.735201,continuous,histogram
num_uppercase_characters,"(-inf, 0.0)",[0.0],num_uppercase_characters_0,0.916331,11.810694,continuous,heatmap
sortedness,"(-inf, 0.083632)","[0.08363238902341935, 0.4199840410918959, 0.7945867153906054]",sortedness_0,0.598881,11.693351,continuous,line
sortedness,"(-inf, 0.083632)","[0.08363238902341935, 0.4199840410918959, 0.7945867153906054]",sortedness_0,0.776663,11.709273,continuous,scatter
sortedness,"(-inf, 0.083632)","[0.08363238902341935, 0.4199840410918959, 0.7945867153906054]",sortedness_0,0.0,11.639718,continuous,bar
sortedness,"(-inf, 0.083632)","[0.08363238902341935, 0.4199840410918959, 0.7945867153906054]",sortedness_0,1.0,11.729274,continuous,box
sortedness,"(-inf, 0.083632)","[0.08363238902341935, 0.4199840410918959, 0.7945867153906054]",sortedness_0,0.923792,11.722449,continuous,histogram
sortedness,"(-inf, 0.083632)","[0.08363238902341935, 0.4199840410918959, 0.7945867153906054]",sortedness_0,0.629921,11.696131,continuous,heatmap
lin_space_sequence_coeff,"(3.031718, 12.837175)","[0.18473562403071309, 0.683453381061554, 1.0657484795201209, 1.6128226203303184, 3.0317178572377848, 12.837174805364283]",lin_space_sequence_coeff_5,0.937656,11.660258,continuous,line
lin_space_sequence_coeff,"(3.031718, 12.837175)","[0.18473562403071309, 0.683453381061554, 1.0657484795201209, 1.6128226203303184, 3.0317178572377848, 12.837174805364283]",lin_space_sequence_coeff_5,0.738217,11.638793,continuous,scatter
lin_space_sequence_coeff,"(3.031718, 12.837175)","[0.18473562403071309, 0.683453381061554, 1.0657484795201209, 1.6128226203303184, 3.0317178572377848, 12.837174805364283]",lin_space_sequence_coeff_5,0.0,11.559341,continuous,bar
lin_space_sequence_coeff,"(3.031718, 12.837175)","[0.18473562403071309, 0.683453381061554, 1.0657484795201209, 1.6128226203303184, 3.0317178572377848, 12.837174805364283]",lin_space_sequence_coeff_5,1.0,11.666968,continuous,box
lin_space_sequence_coeff,"(3.031718, 12.837175)","[0.18473562403071309, 0.683453381061554, 1.0657484795201209, 1.6128226203303184, 3.0317178572377848, 12.837174805364283]",lin_space_sequence_coeff_5,0.816007,11.647165,continuous,histogram
lin_space_sequence_coeff,"(3.031718, 12.837175)","[0.18473562403071309, 0.683453381061554, 1.0657484795201209, 1.6128226203303184, 3.0317178572377848, 12.837174805364283]",lin_space_sequence_coeff_5,0.533049,11.616711,continuous,heatmap
symbol_in_name,y,N/A,y,1.0,11.780659,categorical,line
symbol_in_name,y,N/A,y,0.763754,11.746905,categorical,scatter
symbol_in_name,y,N/A,y,0.723619,11.741171,categorical,bar
symbol_in_name,y,N/A,y,0.748425,11.744715,categorical,box
symbol_in_name,y,N/A,y,0.0,11.637782,categorical,histogram
symbol_in_name,y,N/A,y,0.340505,11.686433,categorical,heatmap
first_char_uppercase_name,first_char_uppercase_name_True,N/A,first_char_uppercase_name_True,1.0,11.829872,categorical,line
first_char_uppercase_name,first_char_uppercase_name_True,N/A,first_char_uppercase_name_True,0.705279,11.779174,categorical,scatter
first_char_uppercase_name,first_char_uppercase_name_True,N/A,first_char_uppercase_name_True,0.743672,11.785778,categorical,bar
first_char_uppercase_name,first_char_uppercase_name_True,N/A,first_char_uppercase_name_True,0.799131,11.795318,categorical,box
first_char_uppercase_name,first_char_uppercase_name_True,N/A,first_char_uppercase_name_True,0.0,11.65785,categorical,histogram
first_char_uppercase_name,first_char_uppercase_name_True,N/A,first_char_uppercase_name_True,0.307111,11.71068,categorical,heatmap
is_only_field,is_only_field_False,N/A,is_only_field_False,1.0,11.840878,categorical,line
is_only_field,is_only_field_False,N/A,is_only_field_False,0.91951,11.822395,categorical,scatter
is_only_field,is_only_field_False,N/A,is_only_field_False,0.800638,11.795098,categorical,bar
is_only_field,is_only_field_False,N/A,is_only_field_False,0.563132,11.74056,categorical,box
is_only_field,is_only_field_False,N/A,is_only_field_False,0.0,11.611248,categorical,histogram
is_only_field,is_only_field_False,N/A,is_only_field_False,0.501196,11.726338,categorical,heatmap
mean,"(31.850278, 281.886005)","[0.19169357286826255, 4.191202395962129, 31.850277947456604, 281.8860048355595, 8262.562250976542]",mean_3,1.0,11.656698,continuous,line
mean,"(31.850278, 281.886005)","[0.19169357286826255, 4.191202395962129, 31.850277947456604, 281.8860048355595, 8262.562250976542]",mean_3,0.886698,11.647737,continuous,scatter
mean,"(31.850278, 281.886005)","[0.19169357286826255, 4.191202395962129, 31.850277947456604, 281.8860048355595, 8262.562250976542]",mean_3,0.374214,11.607204,continuous,bar
mean,"(31.850278, 281.886005)","[0.19169357286826255, 4.191202395962129, 31.850277947456604, 281.8860048355595, 8262.562250976542]",mean_3,0.745405,11.636562,continuous,box
mean,"(31.850278, 281.886005)","[0.19169357286826255, 4.191202395962129, 31.850277947456604, 281.8860048355595, 8262.562250976542]",mean_3,0.0,11.577607,continuous,histogram
mean,"(31.850278, 281.886005)","[0.19169357286826255, 4.191202395962129, 31.850277947456604, 281.8860048355595, 8262.562250976542]",mean_3,0.155939,11.58994,continuous,heatmap
normalized_mean,"(0.778461, 0.989678)","[0.12335866319556389, 0.4055944875219176, 0.5259337732099718, 0.6351002664527585, 0.7784608491774527, 0.9896777660615983]",normalized_mean_5,0.8776,11.632088,continuous,line
normalized_mean,"(0.778461, 0.989678)","[0.12335866319556389, 0.4055944875219176, 0.5259337732099718, 0.6351002664527585, 0.7784608491774527, 0.9896777660615983]",normalized_mean_5,0.659784,11.614071,continuous,scatter
normalized_mean,"(0.778461, 0.989678)","[0.12335866319556389, 0.4055944875219176, 0.5259337732099718, 0.6351002664527585, 0.7784608491774527, 0.9896777660615983]",normalized_mean_5,0.230542,11.578567,continuous,bar
normalized_mean,"(0.778461, 0.989678)","[0.12335866319556389, 0.4055944875219176, 0.5259337732099718, 0.6351002664527585, 0.7784608491774527, 0.9896777660615983]",normalized_mean_5,1.0,11.642212,continuous,box
normalized_mean,"(0.778461, 0.989678)","[0.12335866319556389, 0.4055944875219176, 0.5259337732099718, 0.6351002664527585, 0.7784608491774527, 0.9896777660615983]",normalized_mean_5,0.0,11.559498,continuous,histogram
normalized_mean,"(0.778461, 0.989678)","[0.12335866319556389, 0.4055944875219176, 0.5259337732099718, 0.6351002664527585, 0.7784608491774527, 0.9896777660615983]",normalized_mean_5,0.05488,11.564038,continuous,heatmap
median,"(30.791238, 273.124194)","[0.11030144243110573, 5.251452979118592, 30.791238223660386, 273.1241935483871, 10816.114516129033]",median_3,1.0,11.659667,continuous,line
median,"(30.791238, 273.124194)","[0.11030144243110573, 5.251452979118592, 30.791238223660386, 273.1241935483871, 10816.114516129033]",median_3,0.86744,11.648883,continuous,scatter
median,"(30.791238, 273.124194)","[0.11030144243110573, 5.251452979118592, 30.791238223660386, 273.1241935483871, 10816.114516129033]",median_3,0.337723,11.60579,continuous,bar
median,"(30.791238, 273.124194)","[0.11030144243110573, 5.251452979118592, 30.791238223660386, 273.1241935483871, 10816.114516129033]",median_3,0.713813,11.636385,continuous,box
median,"(30.791238, 273.124194)","[0.11030144243110573, 5.251452979118592, 30.791238223660386, 273.1241935483871, 10816.114516129033]",median_3,0.0,11.578315,continuous,histogram
median,"(30.791238, 273.124194)","[0.11030144243110573, 5.251452979118592, 30.791238223660386, 273.1241935483871, 10816.114516129033]",median_3,0.174251,11.592491,continuous,heatmap
normalized_median,"(0.835258, 0.993336)","[0.0006439799570568626, 0.34516593635082243, 0.5100700477919271, 0.6504355974735753, 0.8352578886189768, 0.9933362595496638]",normalized_median_5,0.958056,11.629865,continuous,line
normalized_median,"(0.835258, 0.993336)","[0.0006439799570568626, 0.34516593635082243, 0.5100700477919271, 0.6504355974735753, 0.8352578886189768, 0.9933362595496638]",normalized_median_5,0.757397,11.614098,continuous,scatter
normalized_median,"(0.835258, 0.993336)","[0.0006439799570568626, 0.34516593635082243, 0.5100700477919271, 0.6504355974735753, 0.8352578886189768, 0.9933362595496638]",normalized_median_5,0.240065,11.573447,continuous,bar
normalized_median,"(0.835258, 0.993336)","[0.0006439799570568626, 0.34516593635082243, 0.5100700477919271, 0.6504355974735753, 0.8352578886189768, 0.9933362595496638]",normalized_median_5,1.0,11.633161,continuous,box
normalized_median,"(0.835258, 0.993336)","[0.0006439799570568626, 0.34516593635082243, 0.5100700477919271, 0.6504355974735753, 0.8352578886189768, 0.9933362595496638]",normalized_median_5,0.0,11.554583,continuous,histogram
normalized_median,"(0.835258, 0.993336)","[0.0006439799570568626, 0.34516593635082243, 0.5100700477919271, 0.6504355974735753, 0.8352578886189768, 0.9933362595496638]",normalized_median_5,0.102262,11.562619,continuous,heatmap
var,"(1.605201, 32.225376)","[2.5077526515815407e-05, 1.6052005600929224, 32.22537642817343, 802.6463076486889, 8941665.196451588]",var_2,1.0,11.609195,continuous,line
var,"(1.605201, 32.225376)","[2.5077526515815407e-05, 1.6052005600929224, 32.22537642817343, 802.6463076486889, 8941665.196451588]",var_2,0.929214,11.605116,continuous,scatter
var,"(1.605201, 32.225376)","[2.5077526515815407e-05, 1.6052005600929224, 32.22537642817343, 802.6463076486889, 8941665.196451588]",var_2,0.472903,11.578823,continuous,bar
var,"(1.605201, 32.225376)","[2.5077526515815407e-05, 1.6052005600929224, 32.22537642817343, 802.6463076486889, 8941665.196451588]",var_2,0.893809,11.603076,continuous,box
var,"(1.605201, 32.225376)","[2.5077526515815407e-05, 1.6052005600929224, 32.22537642817343, 802.6463076486889, 8941665.196451588]",var_2,0.0,11.551575,continuous,histogram
var,"(1.605201, 32.225376)","[2.5077526515815407e-05, 1.6052005600929224, 32.22537642817343, 802.6463076486889, 8941665.196451588]",var_2,0.3181,11.569904,continuous,heatmap
std,"(1.265435, 5.671287)","[0.00501265075057745, 1.265435202025598, 5.671287387417207, 28.329489892528905, 3000.464824061234]",std_2,1.0,11.598273,continuous,line
std,"(1.265435, 5.671287)","[0.00501265075057745, 1.265435202025598, 5.671287387417207, 28.329489892528905, 3000.464824061234]",std_2,0.920343,11.593454,continuous,scatter
std,"(1.265435, 5.671287)","[0.00501265075057745, 1.265435202025598, 5.671287387417207, 28.329489892528905, 3000.464824061234]",std_2,0.516514,11.569022,continuous,bar
std,"(1.265435, 5.671287)","[0.00501265075057745, 1.265435202025598, 5.671287387417207, 28.329489892528905, 3000.464824061234]",std_2,0.821896,11.587498,continuous,box
std,"(1.265435, 5.671287)","[0.00501265075057745, 1.265435202025598, 5.671287387417207, 28.329489892528905, 3000.464824061234]",std_2,0.0,11.537772,continuous,histogram
std,"(1.265435, 5.671287)","[0.00501265075057745, 1.265435202025598, 5.671287387417207, 28.329489892528905, 3000.464824061234]",std_2,0.36046,11.55958,continuous,heatmap
coeff_var,"(0.003253, 0.663605)","[0.0032526775221941202, 0.6636052427753325, 1.7603407242221216, 5.826227477519748, 326.19710867604397]",coeff_var_1,0.793677,11.614075,continuous,line
coeff_var,"(0.003253, 0.663605)","[0.0032526775221941202, 0.6636052427753325, 1.7603407242221216, 5.826227477519748, 326.19710867604397]",coeff_var_1,0.767496,11.611833,continuous,scatter
coeff_var,"(0.003253, 0.663605)","[0.0032526775221941202, 0.6636052427753325, 1.7603407242221216, 5.826227477519748, 326.19710867604397]",coeff_var_1,0.131737,11.557376,continuous,bar
coeff_var,"(0.003253, 0.663605)","[0.0032526775221941202, 0.6636052427753325, 1.7603407242221216, 5.826227477519748, 326.19710867604397]",coeff_var_1,1.0,11.631748,continuous,box
coeff_var,"(0.003253, 0.663605)","[0.0032526775221941202, 0.6636052427753325, 1.7603407242221216, 5.826227477519748, 326.19710867604397]",coeff_var_1,0.145685,11.55857,continuous,histogram
coeff_var,"(0.003253, 0.663605)","[0.0032526775221941202, 0.6636052427753325, 1.7603407242221216, 5.826227477519748, 326.19710867604397]",coeff_var_1,0.0,11.546092,continuous,heatmap
min,"(9.322484, 69.524663)","[0.26056706418914133, 1.817272958832402, 9.322483742621632, 69.52466286197784, 2234.3465037487395]",min_3,0.927334,11.687845,continuous,line
min,"(9.322484, 69.524663)","[0.26056706418914133, 1.817272958832402, 9.322483742621632, 69.52466286197784, 2234.3465037487395]",min_3,0.871592,11.683474,continuous,scatter
min,"(9.322484, 69.524663)","[0.26056706418914133, 1.817272958832402, 9.322483742621632, 69.52466286197784, 2234.3465037487395]",min_3,0.571276,11.659923,continuous,bar
min,"(9.322484, 69.524663)","[0.26056706418914133, 1.817272958832402, 9.322483742621632, 69.52466286197784, 2234.3465037487395]",min_3,1.0,11.693544,continuous,box
min,"(9.322484, 69.524663)","[0.26056706418914133, 1.817272958832402, 9.322483742621632, 69.52466286197784, 2234.3465037487395]",min_3,0.0,11.615125,continuous,histogram
min,"(9.322484, 69.524663)","[0.26056706418914133, 1.817272958832402, 9.322483742621632, 69.52466286197784, 2234.3465037487395]",min_3,0.104431,11.623314,continuous,heatmap
max,"(56.596889, 639.070255)","[1.3695104261367552, 5.469374160151327, 19.999878525272493, 56.596889114379884, 639.0702552057083, 26214.49350302417]",max_4,1.0,11.644872,continuous,line
max,"(56.596889, 639.070255)","[1.3695104261367552, 5.469374160151327, 19.999878525272493, 56.596889114379884, 639.0702552057083, 26214.49350302417]",max_4,0.878949,11.637093,continuous,scatter
max,"(56.596889, 639.070255)","[1.3695104261367552, 5.469374160151327, 19.999878525272493, 56.596889114379884, 639.0702552057083, 26214.49350302417]",max_4,0.279997,11.598602,continuous,bar
max,"(56.596889, 639.070255)","[1.3695104261367552, 5.469374160151327, 19.999878525272493, 56.596889114379884, 639.0702552057083, 26214.49350302417]",max_4,0.719137,11.626823,continuous,box
max,"(56.596889, 639.070255)","[1.3695104261367552, 5.469374160151327, 19.999878525272493, 56.596889114379884, 639.0702552057083, 26214.49350302417]",max_4,0.0,11.580609,continuous,histogram
max,"(56.596889, 639.070255)","[1.3695104261367552, 5.469374160151327, 19.999878525272493, 56.596889114379884, 639.0702552057083, 26214.49350302417]",max_4,0.091167,11.586467,continuous,heatmap
range,"(6.755744, 34.000127)","[0.0010489814216271044, 1.884129064832964, 6.755743844124582, 34.00012734936129, 164.90136858540188, 27356.06338867178]",range_3,1.0,11.624145,continuous,line
range,"(6.755744, 34.000127)","[0.0010489814216271044, 1.884129064832964, 6.755743844124582, 34.00012734936129, 164.90136858540188, 27356.06338867178]",range_3,0.799102,11.611189,continuous,scatter
range,"(6.755744, 34.000127)","[0.0010489814216271044, 1.884129064832964, 6.755743844124582, 34.00012734936129, 164.90136858540188, 27356.06338867178]",range_3,0.376318,11.583925,continuous,bar
range,"(6.755744, 34.000127)","[0.0010489814216271044, 1.884129064832964, 6.755743844124582, 34.00012734936129, 164.90136858540188, 27356.06338867178]",range_3,0.831885,11.613303,continuous,box
range,"(6.755744, 34.000127)","[0.0010489814216271044, 1.884129064832964, 6.755743844124582, 34.00012734936129, 164.90136858540188, 27356.06338867178]",range_3,0.0,11.559657,continuous,histogram
range,"(6.755744, 34.000127)","[0.0010489814216271044, 1.884129064832964, 6.755743844124582, 34.00012734936129, 164.90136858540188, 27356.06338867178]",range_3,0.31609,11.580041,continuous,heatmap
normalized_range,"(0.023459, 0.465089)","[0.023459269971616813, 0.4650886678887952, 1.0605909924353323, 1.7842451153262968, 2.6604745115772372, 21.228070812840613]",normalized_range_1,0.908329,11.608944,continuous,line
normalized_range,"(0.023459, 0.465089)","[0.023459269971616813, 0.4650886678887952, 1.0605909924353323, 1.7842451153262968, 2.6604745115772372, 21.228070812840613]",normalized_range_1,0.669171,11.589531,continuous,scatter
normalized_range,"(0.023459, 0.465089)","[0.023459269971616813, 0.4650886678887952, 1.0605909924353323, 1.7842451153262968, 2.6604745115772372, 21.228070812840613]",normalized_range_1,0.241964,11.554854,continuous,bar
normalized_range,"(0.023459, 0.465089)","[0.023459269971616813, 0.4650886678887952, 1.0605909924353323, 1.7842451153262968, 2.6604745115772372, 21.228070812840613]",normalized_range_1,1.0,11.616385,continuous,box
normalized_range,"(0.023459, 0.465089)","[0.023459269971616813, 0.4650886678887952, 1.0605909924353323, 1.7842451153262968, 2.6604745115772372, 21.228070812840613]",normalized_range_1,0.0,11.535213,continuous,histogram
normalized_range,"(0.023459, 0.465089)","[0.023459269971616813, 0.4650886678887952, 1.0605909924353323, 1.7842451153262968, 2.6604745115772372, 21.228070812840613]",normalized_range_1,0.058052,11.539926,continuous,heatmap
entropy,"(4.227416, 7.226597)","[0.2241236507892609, 1.3727904235932133, 2.299301989847614, 3.066440336473527, 4.227416124036235, 7.226597045621564]",entropy_5,1.0,11.699936,continuous,line
entropy,"(4.227416, 7.226597)","[0.2241236507892609, 1.3727904235932133, 2.299301989847614, 3.066440336473527, 4.227416124036235, 7.226597045621564]",entropy_5,0.826647,11.680022,continuous,scatter
entropy,"(4.227416, 7.226597)","[0.2241236507892609, 1.3727904235932133, 2.299301989847614, 3.066440336473527, 4.227416124036235, 7.226597045621564]",entropy_5,0.0,11.58506,continuous,bar
entropy,"(4.227416, 7.226597)","[0.2241236507892609, 1.3727904235932133, 2.299301989847614, 3.066440336473527, 4.227416124036235, 7.226597045621564]",entropy_5,0.839258,11.68147,continuous,box
entropy,"(4.227416, 7.226597)","[0.2241236507892609, 1.3727904235932133, 2.299301989847614, 3.066440336473527, 4.227416124036235, 7.226597045621564]",entropy_5,0.620914,11.656388,continuous,histogram
entropy,"(4.227416, 7.226597)","[0.2241236507892609, 1.3727904235932133, 2.299301989847614, 3.066440336473527, 4.227416124036235, 7.226597045621564]",entropy_5,0.519681,11.644759,continuous,heatmap
gini,"(0.003951, 0.091582)","[0.00395054218449419, 0.09158154010772704, 0.17946683315019454, 0.2661612808704376, 0.381471216414244, 0.5444116135758735]",gini_1,0.85997,11.643728,continuous,line
gini,"(0.003951, 0.091582)","[0.00395054218449419, 0.09158154010772704, 0.17946683315019454, 0.2661612808704376, 0.381471216414244, 0.5444116135758735]",gini_1,0.622672,11.625508,continuous,scatter
gini,"(0.003951, 0.091582)","[0.00395054218449419, 0.09158154010772704, 0.17946683315019454, 0.2661612808704376, 0.381471216414244, 0.5444116135758735]",gini_1,0.034067,11.580316,continuous,bar
gini,"(0.003951, 0.091582)","[0.00395054218449419, 0.09158154010772704, 0.17946683315019454, 0.2661612808704376, 0.381471216414244, 0.5444116135758735]",gini_1,1.0,11.654479,continuous,box
gini,"(0.003951, 0.091582)","[0.00395054218449419, 0.09158154010772704, 0.17946683315019454, 0.2661612808704376, 0.381471216414244, 0.5444116135758735]",gini_1,0.042446,11.580959,continuous,histogram
gini,"(0.003951, 0.091582)","[0.00395054218449419, 0.09158154010772704, 0.17946683315019454, 0.2661612808704376, 0.381471216414244, 0.5444116135758735]",gini_1,0.0,11.5777,continuous,heatmap
q25,"(17.98922, 2000.997711)","[0.00383262092795884, 0.993269883817242, 2.486012015035075, 17.989219874720412, 2000.9977107878653]",q25_4,1.0,11.658184,continuous,line
q25,"(17.98922, 2000.997711)","[0.00383262092795884, 0.993269883817242, 2.486012015035075, 17.989219874720412, 2000.9977107878653]",q25_4,0.792879,11.640441,continuous,scatter
q25,"(17.98922, 2000.997711)","[0.00383262092795884, 0.993269883817242, 2.486012015035075, 17.989219874720412, 2000.9977107878653]",q25_4,0.53358,11.618228,continuous,bar
q25,"(17.98922, 2000.997711)","[0.00383262092795884, 0.993269883817242, 2.486012015035075, 17.989219874720412, 2000.9977107878653]",q25_4,0.829361,11.643566,continuous,box
q25,"(17.98922, 2000.997711)","[0.00383262092795884, 0.993269883817242, 2.486012015035075, 17.989219874720412, 2000.9977107878653]",q25_4,0.0,11.572518,continuous,histogram
q25,"(17.98922, 2000.997711)","[0.00383262092795884, 0.993269883817242, 2.486012015035075, 17.989219874720412, 2000.9977107878653]",q25_4,0.326771,11.600511,continuous,heatmap
q75,"(18.232133, 2009.01328)","[0.007131026095875928, 1.65858569099057, 18.23213297659351, 2009.0132802261844]",q75_3,1.0,11.660243,continuous,line
q75,"(18.232133, 2009.01328)","[0.007131026095875928, 1.65858569099057, 18.23213297659351, 2009.0132802261844]",q75_3,0.781209,11.641027,continuous,scatter
q75,"(18.232133, 2009.01328)","[0.007131026095875928, 1.65858569099057, 18.23213297659351, 2009.0132802261844]",q75_3,0.527182,11.618715,continuous,bar
q75,"(18.232133, 2009.01328)","[0.007131026095875928, 1.65858569099057, 18.23213297659351, 2009.0132802261844]",q75_3,0.778547,11.640793,continuous,box
q75,"(18.232133, 2009.01328)","[0.007131026095875928, 1.65858569099057, 18.23213297659351, 2009.0132802261844]",q75_3,0.0,11.572413,continuous,histogram
q75,"(18.232133, 2009.01328)","[0.007131026095875928, 1.65858569099057, 18.23213297659351, 2009.0132802261844]",q75_3,0.321789,11.600676,continuous,heatmap
med_abs_dev,"(0.780167, 2.178284)","[2.4265916763397396e-05, 0.7801671246847797, 2.1782844193520083, 13.450038244185908, 2452.4554838709664]",med_abs_dev_2,0.812593,11.639924,continuous,line
med_abs_dev,"(0.780167, 2.178284)","[2.4265916763397396e-05, 0.7801671246847797, 2.1782844193520083, 13.450038244185908, 2452.4554838709664]",med_abs_dev_2,1.0,11.648378,continuous,scatter
med_abs_dev,"(0.780167, 2.178284)","[2.4265916763397396e-05, 0.7801671246847797, 2.1782844193520083, 13.450038244185908, 2452.4554838709664]",med_abs_dev_2,0.213541,11.612902,continuous,bar
med_abs_dev,"(0.780167, 2.178284)","[2.4265916763397396e-05, 0.7801671246847797, 2.1782844193520083, 13.450038244185908, 2452.4554838709664]",med_abs_dev_2,0.985673,11.647731,continuous,box
med_abs_dev,"(0.780167, 2.178284)","[2.4265916763397396e-05, 0.7801671246847797, 2.1782844193520083, 13.450038244185908, 2452.4554838709664]",med_abs_dev_2,0.0,11.603269,continuous,histogram
med_abs_dev,"(0.780167, 2.178284)","[2.4265916763397396e-05, 0.7801671246847797, 2.1782844193520083, 13.450038244185908, 2452.4554838709664]",med_abs_dev_2,0.048215,11.605444,continuous,heatmap
avg_abs_dev,"(0.899254, 4.595697)","[0.0016913167480379343, 0.8992536992026909, 4.595696832287696, 21.805817592374737, 2579.856231098791]",avg_abs_dev_2,0.99313,11.61052,continuous,line
avg_abs_dev,"(0.899254, 4.595697)","[0.0016913167480379343, 0.8992536992026909, 4.595696832287696, 21.805817592374737, 2579.856231098791]",avg_abs_dev_2,1.0,11.610905,continuous,scatter
avg_abs_dev,"(0.899254, 4.595697)","[0.0016913167480379343, 0.8992536992026909, 4.595696832287696, 21.805817592374737, 2579.856231098791]",avg_abs_dev_2,0.479549,11.581755,continuous,bar
avg_abs_dev,"(0.899254, 4.595697)","[0.0016913167480379343, 0.8992536992026909, 4.595696832287696, 21.805817592374737, 2579.856231098791]",avg_abs_dev_2,0.84479,11.602212,continuous,box
avg_abs_dev,"(0.899254, 4.595697)","[0.0016913167480379343, 0.8992536992026909, 4.595696832287696, 21.805817592374737, 2579.856231098791]",avg_abs_dev_2,0.0,11.554897,continuous,histogram
avg_abs_dev,"(0.899254, 4.595697)","[0.0016913167480379343, 0.8992536992026909, 4.595696832287696, 21.805817592374737, 2579.856231098791]",avg_abs_dev_2,0.353771,11.574711,continuous,heatmap
skewness,"(0.622371, 3.101169)","[-0.393793818426709, -0.008621457328779593, 0.00147035170271392, 0.6223711049364465, 3.101168877463187]",skewness_4,0.414685,11.660593,continuous,line
skewness,"(0.622371, 3.101169)","[-0.393793818426709, -0.008621457328779593, 0.00147035170271392, 0.6223711049364465, 3.101168877463187]",skewness_4,0.309797,11.653403,continuous,scatter
skewness,"(0.622371, 3.101169)","[-0.393793818426709, -0.008621457328779593, 0.00147035170271392, 0.6223711049364465, 3.101168877463187]",skewness_4,0.491678,11.66587,continuous,bar
skewness,"(0.622371, 3.101169)","[-0.393793818426709, -0.008621457328779593, 0.00147035170271392, 0.6223711049364465, 3.101168877463187]",skewness_4,1.0,11.700712,continuous,box
skewness,"(0.622371, 3.101169)","[-0.393793818426709, -0.008621457328779593, 0.00147035170271392, 0.6223711049364465, 3.101168877463187]",skewness_4,0.039623,11.634884,continuous,histogram
skewness,"(0.622371, 3.101169)","[-0.393793818426709, -0.008621457328779593, 0.00147035170271392, 0.6223711049364465, 3.101168877463187]",skewness_4,0.0,11.632168,continuous,heatmap
kurtosis,"(-0.170266, 1.576615)","[-1.484341488230613, -1.1909797564629585, -0.8387569783387647, -0.17026565258541418, 1.5766148755627292, 12.258251583653113]",kurtosis_4,0.557506,11.67571,continuous,line
kurtosis,"(-0.170266, 1.576615)","[-1.484341488230613, -1.1909797564629585, -0.8387569783387647, -0.17026565258541418, 1.5766148755627292, 12.258251583653113]",kurtosis_4,0.413849,11.66187,continuous,scatter
kurtosis,"(-0.170266, 1.576615)","[-1.484341488230613, -1.1909797564629585, -0.8387569783387647, -0.17026565258541418, 1.5766148755627292, 12.258251583653113]",kurtosis_4,0.166511,11.63804,continuous,bar
kurtosis,"(-0.170266, 1.576615)","[-1.484341488230613, -1.1909797564629585, -0.8387569783387647, -0.17026565258541418, 1.5766148755627292, 12.258251583653113]",kurtosis_4,1.0,11.718342,continuous,box
kurtosis,"(-0.170266, 1.576615)","[-1.484341488230613, -1.1909797564629585, -0.8387569783387647, -0.17026565258541418, 1.5766148755627292, 12.258251583653113]",kurtosis_4,0.182044,11.639537,continuous,histogram
kurtosis,"(-0.170266, 1.576615)","[-1.484341488230613, -1.1909797564629585, -0.8387569783387647, -0.17026565258541418, 1.5766148755627292, 12.258251583653113]",kurtosis_4,0.0,11.621998,continuous,heatmap
moment_5,"(0.355497, 6066.188036)","[-1201.2660502772187, -5.1192298600893e-08, 0.3554970558420264, 6066.188035534273, 602660358950995.5]",moment_5_3,0.49348,11.605061,continuous,line
moment_5,"(0.355497, 6066.188036)","[-1201.2660502772187, -5.1192298600893e-08, 0.3554970558420264, 6066.188035534273, 602660358950995.5]",moment_5_3,0.501346,11.605514,continuous,scatter
moment_5,"(0.355497, 6066.188036)","[-1201.2660502772187, -5.1192298600893e-08, 0.3554970558420264, 6066.188035534273, 602660358950995.5]",moment_5_3,0.05188,11.579626,continuous,bar
moment_5,"(0.355497, 6066.188036)","[-1201.2660502772187, -5.1192298600893e-08, 0.3554970558420264, 6066.188035534273, 602660358950995.5]",moment_5_3,1.0,11.634236,continuous,box
moment_5,"(0.355497, 6066.188036)","[-1201.2660502772187, -5.1192298600893e-08, 0.3554970558420264, 6066.188035534273, 602660358950995.5]",moment_5_3,0.175181,11.586728,continuous,histogram
moment_5,"(0.355497, 6066.188036)","[-1201.2660502772187, -5.1192298600893e-08, 0.3554970558420264, 6066.188035534273, 602660358950995.5]",moment_5_3,0.0,11.576637,continuous,heatmap
moment_6,"(24.470863, 2608316.970645)","[3.7047958857628857e-13, 24.470863465339907, 2608316.9706451613, 44125102529.89933, 1.3190857928921512e+20]",moment_6_2,1.0,11.608205,continuous,line
moment_6,"(24.470863, 2608316.970645)","[3.7047958857628857e-13, 24.470863465339907, 2608316.9706451613, 44125102529.89933, 1.3190857928921512e+20]",moment_6_2,0.869258,11.60014,continuous,scatter
moment_6,"(24.470863, 2608316.970645)","[3.7047958857628857e-13, 24.470863465339907, 2608316.9706451613, 44125102529.89933, 1.3190857928921512e+20]",moment_6_2,0.376287,11.569732,continuous,bar
moment_6,"(24.470863, 2608316.970645)","[3.7047958857628857e-13, 24.470863465339907, 2608316.9706451613, 44125102529.89933, 1.3190857928921512e+20]",moment_6_2,0.839337,11.598294,continuous,box
moment_6,"(24.470863, 2608316.970645)","[3.7047958857628857e-13, 24.470863465339907, 2608316.9706451613, 44125102529.89933, 1.3190857928921512e+20]",moment_6_2,0.0,11.546521,continuous,histogram
moment_6,"(24.470863, 2608316.970645)","[3.7047958857628857e-13, 24.470863465339907, 2608316.9706451613, 44125102529.89933, 1.3190857928921512e+20]",moment_6_2,0.284769,11.564086,continuous,heatmap
moment_7,"(35631.606717, 2.9994971860657484e+19)","[-8080.4938661637225, -1.1803249820933025e-29, 0.03544333368539812, 35631.60671685985, 2.9994971860657484e+19]",moment_7_4,0.677825,11.620657,continuous,line
moment_7,"(35631.606717, 2.9994971860657484e+19)","[-8080.4938661637225, -1.1803249820933025e-29, 0.03544333368539812, 35631.60671685985, 2.9994971860657484e+19]",moment_7_4,0.591999,11.616201,continuous,scatter
moment_7,"(35631.606717, 2.9994971860657484e+19)","[-8080.4938661637225, -1.1803249820933025e-29, 0.03544333368539812, 35631.60671685985, 2.9994971860657484e+19]",moment_7_4,0.321864,11.602176,continuous,bar
moment_7,"(35631.606717, 2.9994971860657484e+19)","[-8080.4938661637225, -1.1803249820933025e-29, 0.03544333368539812, 35631.60671685985, 2.9994971860657484e+19]",moment_7_4,1.0,11.637384,continuous,box
moment_7,"(35631.606717, 2.9994971860657484e+19)","[-8080.4938661637225, -1.1803249820933025e-29, 0.03544333368539812, 35631.60671685985, 2.9994971860657484e+19]",moment_7_4,0.0,11.585465,continuous,histogram
moment_7,"(35631.606717, 2.9994971860657484e+19)","[-8080.4938661637225, -1.1803249820933025e-29, 0.03544333368539812, 35631.60671685985, 2.9994971860657484e+19]",moment_7_4,0.09508,11.590401,continuous,heatmap
moment_8,"(105.55833, 7902707318.585811)","[6.96370545438728e-17, 105.55832996983654, 7902707318.585811, 313954491464076.7, 2.5877225658845137e+24]",moment_8_2,1.0,11.627299,continuous,line
moment_8,"(105.55833, 7902707318.585811)","[6.96370545438728e-17, 105.55832996983654, 7902707318.585811, 313954491464076.7, 2.5877225658845137e+24]",moment_8_2,0.839861,11.616975,continuous,scatter
moment_8,"(105.55833, 7902707318.585811)","[6.96370545438728e-17, 105.55832996983654, 7902707318.585811, 313954491464076.7, 2.5877225658845137e+24]",moment_8_2,0.354153,11.585661,continuous,bar
moment_8,"(105.55833, 7902707318.585811)","[6.96370545438728e-17, 105.55832996983654, 7902707318.585811, 313954491464076.7, 2.5877225658845137e+24]",moment_8_2,0.884531,11.619855,continuous,box
moment_8,"(105.55833, 7902707318.585811)","[6.96370545438728e-17, 105.55832996983654, 7902707318.585811, 313954491464076.7, 2.5877225658845137e+24]",moment_8_2,0.0,11.562828,continuous,histogram
moment_8,"(105.55833, 7902707318.585811)","[6.96370545438728e-17, 105.55832996983654, 7902707318.585811, 313954491464076.7, 2.5877225658845137e+24]",moment_8_2,0.275973,11.580621,continuous,heatmap
moment_10,"(2059.777588, 26054988855.494194)","[9.571977461719663e-21, 0.0940079336397108, 2059.777588441911, 26054988855.494194, 2553332197612500.0, 5.3882306893310606e+26]",moment_10_3,1.0,11.615627,continuous,line
moment_10,"(2059.777588, 26054988855.494194)","[9.571977461719663e-21, 0.0940079336397108, 2059.777588441911, 26054988855.494194, 2553332197612500.0, 5.3882306893310606e+26]",moment_10_3,0.852563,11.605902,continuous,scatter
moment_10,"(2059.777588, 26054988855.494194)","[9.571977461719663e-21, 0.0940079336397108, 2059.777588441911, 26054988855.494194, 2553332197612500.0, 5.3882306893310606e+26]",moment_10_3,0.415974,11.577105,continuous,bar
moment_10,"(2059.777588, 26054988855.494194)","[9.571977461719663e-21, 0.0940079336397108, 2059.777588441911, 26054988855.494194, 2553332197612500.0, 5.3882306893310606e+26]",moment_10_3,0.830882,11.604472,continuous,box
moment_10,"(2059.777588, 26054988855.494194)","[9.571977461719663e-21, 0.0940079336397108, 2059.777588441911, 26054988855.494194, 2553332197612500.0, 5.3882306893310606e+26]",moment_10_3,0.0,11.549668,continuous,histogram
moment_10,"(2059.777588, 26054988855.494194)","[9.571977461719663e-21, 0.0940079336397108, 2059.777588441911, 26054988855.494194, 2553332197612500.0, 5.3882306893310606e+26]",moment_10_3,0.316005,11.570511,continuous,heatmap
percent_outliers_15iqr,"(-inf, 0.704874)","[0.7048739443479046, 0.9085796858033824, 0.9596259197881145, 0.9843483797965511]",percent_outliers_15iqr_0,1.0,11.67852,continuous,line
percent_outliers_15iqr,"(-inf, 0.704874)","[0.7048739443479046, 0.9085796858033824, 0.9596259197881145, 0.9843483797965511]",percent_outliers_15iqr_0,0.833327,11.666902,continuous,scatter
percent_outliers_15iqr,"(-inf, 0.704874)","[0.7048739443479046, 0.9085796858033824, 0.9596259197881145, 0.9843483797965511]",percent_outliers_15iqr_0,0.667894,11.655371,continuous,bar
percent_outliers_15iqr,"(-inf, 0.704874)","[0.7048739443479046, 0.9085796858033824, 0.9596259197881145, 0.9843483797965511]",percent_outliers_15iqr_0,0.483998,11.642553,continuous,box
percent_outliers_15iqr,"(-inf, 0.704874)","[0.7048739443479046, 0.9085796858033824, 0.9596259197881145, 0.9843483797965511]",percent_outliers_15iqr_0,0.0,11.608817,continuous,histogram
percent_outliers_15iqr,"(-inf, 0.704874)","[0.7048739443479046, 0.9085796858033824, 0.9596259197881145, 0.9843483797965511]",percent_outliers_15iqr_0,0.049839,11.612291,continuous,heatmap
percent_outliers_3iqr,"(0.329988, 0.713489)","[0.3299883709799859, 0.7134887467661212, 0.8054596785576114, 0.9000023295802454, 0.9631309172030418, 0.9775492457612869]",percent_outliers_3iqr_1,1.0,11.676189,continuous,line
percent_outliers_3iqr,"(0.329988, 0.713489)","[0.3299883709799859, 0.7134887467661212, 0.8054596785576114, 0.9000023295802454, 0.9631309172030418, 0.9775492457612869]",percent_outliers_3iqr_1,0.852342,11.66698,continuous,scatter
percent_outliers_3iqr,"(0.329988, 0.713489)","[0.3299883709799859, 0.7134887467661212, 0.8054596785576114, 0.9000023295802454, 0.9631309172030418, 0.9775492457612869]",percent_outliers_3iqr_1,0.755979,11.66097,continuous,bar
percent_outliers_3iqr,"(0.329988, 0.713489)","[0.3299883709799859, 0.7134887467661212, 0.8054596785576114, 0.9000023295802454, 0.9631309172030418, 0.9775492457612869]",percent_outliers_3iqr_1,0.807771,11.6642,continuous,box
percent_outliers_3iqr,"(0.329988, 0.713489)","[0.3299883709799859, 0.7134887467661212, 0.8054596785576114, 0.9000023295802454, 0.9631309172030418, 0.9775492457612869]",percent_outliers_3iqr_1,0.0,11.613821,continuous,histogram
percent_outliers_3iqr,"(0.329988, 0.713489)","[0.3299883709799859, 0.7134887467661212, 0.8054596785576114, 0.9000023295802454, 0.9631309172030418, 0.9775492457612869]",percent_outliers_3iqr_1,0.036141,11.616075,continuous,heatmap
sortedness,"(0.419984, 0.794587)","[0.08363238902341935, 0.4199840410918959, 0.7945867153906054]",sortedness_2,0.816704,11.698342,continuous,line
sortedness,"(0.419984, 0.794587)","[0.08363238902341935, 0.4199840410918959, 0.7945867153906054]",sortedness_2,0.704874,11.686501,continuous,scatter
sortedness,"(0.419984, 0.794587)","[0.08363238902341935, 0.4199840410918959, 0.7945867153906054]",sortedness_2,0.706958,11.686722,continuous,bar
sortedness,"(0.419984, 0.794587)","[0.08363238902341935, 0.4199840410918959, 0.7945867153906054]",sortedness_2,1.0,11.71775,continuous,box
sortedness,"(0.419984, 0.794587)","[0.08363238902341935, 0.4199840410918959, 0.7945867153906054]",sortedness_2,0.0,11.611866,continuous,histogram
sortedness,"(0.419984, 0.794587)","[0.08363238902341935, 0.4199840410918959, 0.7945867153906054]",sortedness_2,0.277264,11.641224,continuous,heatmap
lin_space_sequence_coeff,"(1.612823, 3.031718)","[0.18473562403071309, 0.683453381061554, 1.0657484795201209, 1.6128226203303184, 3.0317178572377848, 12.837174805364283]",lin_space_sequence_coeff_4,0.585476,11.685172,continuous,line
lin_space_sequence_coeff,"(1.612823, 3.031718)","[0.18473562403071309, 0.683453381061554, 1.0657484795201209, 1.6128226203303184, 3.0317178572377848, 12.837174805364283]",lin_space_sequence_coeff_4,0.26731,11.659473,continuous,scatter
lin_space_sequence_coeff,"(1.612823, 3.031718)","[0.18473562403071309, 0.683453381061554, 1.0657484795201209, 1.6128226203303184, 3.0317178572377848, 12.837174805364283]",lin_space_sequence_coeff_4,0.0,11.637881,continuous,bar
lin_space_sequence_coeff,"(1.612823, 3.031718)","[0.18473562403071309, 0.683453381061554, 1.0657484795201209, 1.6128226203303184, 3.0317178572377848, 12.837174805364283]",lin_space_sequence_coeff_4,1.0,11.718655,continuous,box
lin_space_sequence_coeff,"(1.612823, 3.031718)","[0.18473562403071309, 0.683453381061554, 1.0657484795201209, 1.6128226203303184, 3.0317178572377848, 12.837174805364283]",lin_space_sequence_coeff_4,0.168917,11.651525,continuous,histogram
lin_space_sequence_coeff,"(1.612823, 3.031718)","[0.18473562403071309, 0.683453381061554, 1.0657484795201209, 1.6128226203303184, 3.0317178572377848, 12.837174805364283]",lin_space_sequence_coeff_4,0.028415,11.640176,continuous,heatmap
log_space_sequence_coeff,"(0.004471, 0.030451)","[0.004471472915141813, 0.03045050866541362, 0.10070002636121164, 0.19951813624751186, 0.528290071314381]",log_space_sequence_coeff_1,0.786739,11.696889,continuous,line
log_space_sequence_coeff,"(0.004471, 0.030451)","[0.004471472915141813, 0.03045050866541362, 0.10070002636121164, 0.19951813624751186, 0.528290071314381]",log_space_sequence_coeff_1,0.662943,11.685048,continuous,scatter
log_space_sequence_coeff,"(0.004471, 0.030451)","[0.004471472915141813, 0.03045050866541362, 0.10070002636121164, 0.19951813624751186, 0.528290071314381]",log_space_sequence_coeff_1,0.0,11.621643,continuous,bar
log_space_sequence_coeff,"(0.004471, 0.030451)","[0.004471472915141813, 0.03045050866541362, 0.10070002636121164, 0.19951813624751186, 0.528290071314381]",log_space_sequence_coeff_1,1.0,11.717285,continuous,box
log_space_sequence_coeff,"(0.004471, 0.030451)","[0.004471472915141813, 0.03045050866541362, 0.10070002636121164, 0.19951813624751186, 0.528290071314381]",log_space_sequence_coeff_1,0.235391,11.644156,continuous,histogram
log_space_sequence_coeff,"(0.004471, 0.030451)","[0.004471472915141813, 0.03045050866541362, 0.10070002636121164, 0.19951813624751186, 0.528290071314381]",log_space_sequence_coeff_1,0.263107,11.646807,continuous,heatmap
is_sorted,is_sorted_True,N/A,is_sorted_True,0.900438,11.76552,categorical,line
is_sorted,is_sorted_True,N/A,is_sorted_True,1.0,11.781063,categorical,scatter
is_sorted,is_sorted_True,N/A,is_sorted_True,0.66548,11.72884,categorical,bar
is_sorted,is_sorted_True,N/A,is_sorted_True,0.285476,11.669517,categorical,box
is_sorted,is_sorted_True,N/A,is_sorted_True,0.0,11.624951,categorical,histogram
is_sorted,is_sorted_True,N/A,is_sorted_True,0.505224,11.703823,categorical,heatmap
skewness,"(-inf, -0.393794)","[-0.393793818426709, -0.008621457328779593, 0.00147035170271392, 0.6223711049364465, 3.101168877463187]",skewness_0,0.832269,11.670945,continuous,line
skewness,"(-inf, -0.393794)","[-0.393793818426709, -0.008621457328779593, 0.00147035170271392, 0.6223711049364465, 3.101168877463187]",skewness_0,0.783662,11.667095,continuous,scatter
skewness,"(-inf, -0.393794)","[-0.393793818426709, -0.008621457328779593, 0.00147035170271392, 0.6223711049364465, 3.101168877463187]",skewness_0,0.06464,11.610135,continuous,bar
skewness,"(-inf, -0.393794)","[-0.393793818426709, -0.008621457328779593, 0.00147035170271392, 0.6223711049364465, 3.101168877463187]",skewness_0,1.0,11.684233,continuous,box
skewness,"(-inf, -0.393794)","[-0.393793818426709, -0.008621457328779593, 0.00147035170271392, 0.6223711049364465, 3.101168877463187]",skewness_0,0.0,11.605014,continuous,histogram
skewness,"(-inf, -0.393794)","[-0.393793818426709, -0.008621457328779593, 0.00147035170271392, 0.6223711049364465, 3.101168877463187]",skewness_0,0.117068,11.614288,continuous,heatmap
moment_5,"(-inf, -1201.26605)","[-1201.2660502772187, -5.1192298600893e-08, 0.3554970558420264, 6066.188035534273, 602660358950995.5]",moment_5_0,1.0,11.635533,continuous,line
moment_5,"(-inf, -1201.26605)","[-1201.2660502772187, -5.1192298600893e-08, 0.3554970558420264, 6066.188035534273, 602660358950995.5]",moment_5_0,0.836474,11.621059,continuous,scatter
moment_5,"(-inf, -1201.26605)","[-1201.2660502772187, -5.1192298600893e-08, 0.3554970558420264, 6066.188035534273, 602660358950995.5]",moment_5_0,0.312311,11.574662,continuous,bar
moment_5,"(-inf, -1201.26605)","[-1201.2660502772187, -5.1192298600893e-08, 0.3554970558420264, 6066.188035534273, 602660358950995.5]",moment_5_0,0.784099,11.616423,continuous,box
moment_5,"(-inf, -1201.26605)","[-1201.2660502772187, -5.1192298600893e-08, 0.3554970558420264, 6066.188035534273, 602660358950995.5]",moment_5_0,0.0,11.547017,continuous,histogram
moment_5,"(-inf, -1201.26605)","[-1201.2660502772187, -5.1192298600893e-08, 0.3554970558420264, 6066.188035534273, 602660358950995.5]",moment_5_0,0.43115,11.585181,continuous,heatmap
moment_7,"(-inf, -8080.493866)","[-8080.4938661637225, -1.1803249820933025e-29, 0.03544333368539812, 35631.60671685985, 2.9994971860657484e+19]",moment_7_0,1.0,11.63538,continuous,line
moment_7,"(-inf, -8080.493866)","[-8080.4938661637225, -1.1803249820933025e-29, 0.03544333368539812, 35631.60671685985, 2.9994971860657484e+19]",moment_7_0,0.863456,11.623128,continuous,scatter
moment_7,"(-inf, -8080.493866)","[-8080.4938661637225, -1.1803249820933025e-29, 0.03544333368539812, 35631.60671685985, 2.9994971860657484e+19]",moment_7_0,0.283999,11.571132,continuous,bar
moment_7,"(-inf, -8080.493866)","[-8080.4938661637225, -1.1803249820933025e-29, 0.03544333368539812, 35631.60671685985, 2.9994971860657484e+19]",moment_7_0,0.754366,11.613339,continuous,box
moment_7,"(-inf, -8080.493866)","[-8080.4938661637225, -1.1803249820933025e-29, 0.03544333368539812, 35631.60671685985, 2.9994971860657484e+19]",moment_7_0,0.0,11.545648,continuous,histogram
moment_7,"(-inf, -8080.493866)","[-8080.4938661637225, -1.1803249820933025e-29, 0.03544333368539812, 35631.60671685985, 2.9994971860657484e+19]",moment_7_0,0.431522,11.58437,continuous,heatmap
moment_9,"(-inf, -1401645.806452)","[-1401645.8064516135, -8.465492734351432e-15, 0.8167481387046068, 15399884.174838709, 7.281524997937811e+17]",moment_9_0,1.0,11.643853,continuous,line
moment_9,"(-inf, -1401645.806452)","[-1401645.8064516135, -8.465492734351432e-15, 0.8167481387046068, 15399884.174838709, 7.281524997937811e+17]",moment_9_0,0.863454,11.631391,continuous,scatter
moment_9,"(-inf, -1401645.806452)","[-1401645.8064516135, -8.465492734351432e-15, 0.8167481387046068, 15399884.174838709, 7.281524997937811e+17]",moment_9_0,0.267731,11.577024,continuous,bar
moment_9,"(-inf, -1401645.806452)","[-1401645.8064516135, -8.465492734351432e-15, 0.8167481387046068, 15399884.174838709, 7.281524997937811e+17]",moment_9_0,0.73156,11.619354,continuous,box
moment_9,"(-inf, -1401645.806452)","[-1401645.8064516135, -8.465492734351432e-15, 0.8167481387046068, 15399884.174838709, 7.281524997937811e+17]",moment_9_0,0.0,11.55259,continuous,histogram
moment_9,"(-inf, -1401645.806452)","[-1401645.8064516135, -8.465492734351432e-15, 0.8167481387046068, 15399884.174838709, 7.281524997937811e+17]",moment_9_0,0.431788,11.591996,continuous,heatmap
percent_outliers_15iqr,"(0.959626, 0.984348)","[0.7048739443479046, 0.9085796858033824, 0.9596259197881145, 0.9843483797965511]",percent_outliers_15iqr_3,1.0,11.672915,continuous,line
percent_outliers_15iqr,"(0.959626, 0.984348)","[0.7048739443479046, 0.9085796858033824, 0.9596259197881145, 0.9843483797965511]",percent_outliers_15iqr_3,0.861891,11.658018,continuous,scatter
percent_outliers_15iqr,"(0.959626, 0.984348)","[0.7048739443479046, 0.9085796858033824, 0.9596259197881145, 0.9843483797965511]",percent_outliers_15iqr_3,0.0,11.565049,continuous,bar
percent_outliers_15iqr,"(0.959626, 0.984348)","[0.7048739443479046, 0.9085796858033824, 0.9596259197881145, 0.9843483797965511]",percent_outliers_15iqr_3,0.848176,11.656539,continuous,box
percent_outliers_15iqr,"(0.959626, 0.984348)","[0.7048739443479046, 0.9085796858033824, 0.9596259197881145, 0.9843483797965511]",percent_outliers_15iqr_3,0.710549,11.641693,continuous,histogram
percent_outliers_15iqr,"(0.959626, 0.984348)","[0.7048739443479046, 0.9085796858033824, 0.9596259197881145, 0.9843483797965511]",percent_outliers_15iqr_3,0.636077,11.63366,continuous,heatmap
percent_outliers_1_99,"(0.916514, 0.990797)","[0.08696898928573053, 0.9165140006619115, 0.9907972921863679]",percent_outliers_1_99_2,1.0,11.658103,continuous,line
percent_outliers_1_99,"(0.916514, 0.990797)","[0.08696898928573053, 0.9165140006619115, 0.9907972921863679]",percent_outliers_1_99_2,0.882477,11.644604,continuous,scatter
percent_outliers_1_99,"(0.916514, 0.990797)","[0.08696898928573053, 0.9165140006619115, 0.9907972921863679]",percent_outliers_1_99_2,0.0,11.543234,continuous,bar
percent_outliers_1_99,"(0.916514, 0.990797)","[0.08696898928573053, 0.9165140006619115, 0.9907972921863679]",percent_outliers_1_99_2,0.90905,11.647656,continuous,box
percent_outliers_1_99,"(0.916514, 0.990797)","[0.08696898928573053, 0.9165140006619115, 0.9907972921863679]",percent_outliers_1_99_2,0.934102,11.650534,continuous,histogram
percent_outliers_1_99,"(0.916514, 0.990797)","[0.08696898928573053, 0.9165140006619115, 0.9907972921863679]",percent_outliers_1_99_2,0.724279,11.626431,continuous,heatmap
data_type,integer,N/A,integer,0.615661,11.692782,categorical,line
data_type,integer,N/A,integer,0.7006,11.70097,categorical,scatter
data_type,integer,N/A,integer,1.0,11.729831,categorical,bar
data_type,integer,N/A,integer,0.465583,11.678314,categorical,box
data_type,integer,N/A,integer,0.0,11.633433,categorical,histogram
data_type,integer,N/A,integer,0.592569,11.690556,categorical,heatmap
is_log_space,is_log_space_True,N/A,is_log_space_True,1.0,11.569582,categorical,line
is_log_space,is_log_space_True,N/A,is_log_space_True,0.812998,11.557815,categorical,scatter
is_log_space,is_log_space_True,N/A,is_log_space_True,0.142393,11.515616,categorical,bar
is_log_space,is_log_space_True,N/A,is_log_space_True,0.356442,11.529085,categorical,box
is_log_space,is_log_space_True,N/A,is_log_space_True,0.0,11.506655,categorical,histogram
is_log_space,is_log_space_True,N/A,is_log_space_True,0.116198,11.513967,categorical,heatmap
num_unique_elements,"(-inf, 33.187097)",[33.18709677419355],num_unique_elements_0,0.38616,11.719882,continuous,line
num_unique_elements,"(-inf, 33.187097)",[33.18709677419355],num_unique_elements_0,0.486397,11.741526,continuous,scatter
num_unique_elements,"(-inf, 33.187097)",[33.18709677419355],num_unique_elements_0,1.0,11.852428,continuous,bar
num_unique_elements,"(-inf, 33.187097)",[33.18709677419355],num_unique_elements_0,0.395409,11.721879,continuous,box
num_unique_elements,"(-inf, 33.187097)",[33.18709677419355],num_unique_elements_0,0.0,11.636499,continuous,histogram
num_unique_elements,"(-inf, 33.187097)",[33.18709677419355],num_unique_elements_0,0.509815,11.746582,continuous,heatmap
unique_percent,"(-inf, 0.588723)",[0.5887225893235977],unique_percent_0,0.010173,11.751797,continuous,line
unique_percent,"(-inf, 0.588723)",[0.5887225893235977],unique_percent_0,0.075652,11.75568,continuous,scatter
unique_percent,"(-inf, 0.588723)",[0.5887225893235977],unique_percent_0,0.769981,11.796854,continuous,bar
unique_percent,"(-inf, 0.588723)",[0.5887225893235977],unique_percent_0,1.0,11.810495,continuous,box
unique_percent,"(-inf, 0.588723)",[0.5887225893235977],unique_percent_0,0.0,11.751194,continuous,histogram
unique_percent,"(-inf, 0.588723)",[0.5887225893235977],unique_percent_0,0.682494,11.791666,continuous,heatmap
var,"(-inf, 2.5e-05)","[2.5077526515815407e-05, 1.6052005600929224, 32.22537642817343, 802.6463076486889, 8941665.196451588]",var_0,1.0,11.504898,continuous,line
var,"(-inf, 2.5e-05)","[2.5077526515815407e-05, 1.6052005600929224, 32.22537642817343, 802.6463076486889, 8941665.196451588]",var_0,0.856501,11.493955,continuous,scatter
var,"(-inf, 2.5e-05)","[2.5077526515815407e-05, 1.6052005600929224, 32.22537642817343, 802.6463076486889, 8941665.196451588]",var_0,0.632924,11.476905,continuous,bar
var,"(-inf, 2.5e-05)","[2.5077526515815407e-05, 1.6052005600929224, 32.22537642817343, 802.6463076486889, 8941665.196451588]",var_0,0.25422,11.448027,continuous,box
var,"(-inf, 2.5e-05)","[2.5077526515815407e-05, 1.6052005600929224, 32.22537642817343, 802.6463076486889, 8941665.196451588]",var_0,0.0,11.42864,continuous,histogram
var,"(-inf, 2.5e-05)","[2.5077526515815407e-05, 1.6052005600929224, 32.22537642817343, 802.6463076486889, 8941665.196451588]",var_0,0.21606,11.445117,continuous,heatmap
std,"(-inf, 0.005013)","[0.00501265075057745, 1.265435202025598, 5.671287387417207, 28.329489892528905, 3000.464824061234]",std_0,1.0,11.507244,continuous,line
std,"(-inf, 0.005013)","[0.00501265075057745, 1.265435202025598, 5.671287387417207, 28.329489892528905, 3000.464824061234]",std_0,0.867912,11.497272,continuous,scatter
std,"(-inf, 0.005013)","[0.00501265075057745, 1.265435202025598, 5.671287387417207, 28.329489892528905, 3000.464824061234]",std_0,0.618705,11.478459,continuous,bar
std,"(-inf, 0.005013)","[0.00501265075057745, 1.265435202025598, 5.671287387417207, 28.329489892528905, 3000.464824061234]",std_0,0.226708,11.448865,continuous,box
std,"(-inf, 0.005013)","[0.00501265075057745, 1.265435202025598, 5.671287387417207, 28.329489892528905, 3000.464824061234]",std_0,0.0,11.43175,continuous,histogram
std,"(-inf, 0.005013)","[0.00501265075057745, 1.265435202025598, 5.671287387417207, 28.329489892528905, 3000.464824061234]",std_0,0.211551,11.447721,continuous,heatmap
range,"(-inf, 0.001049)","[0.0010489814216271044, 1.884129064832964, 6.755743844124582, 34.00012734936129, 164.90136858540188, 27356.06338867178]",range_0,1.0,11.489424,continuous,line
range,"(-inf, 0.001049)","[0.0010489814216271044, 1.884129064832964, 6.755743844124582, 34.00012734936129, 164.90136858540188, 27356.06338867178]",range_0,0.834007,11.477435,continuous,scatter
range,"(-inf, 0.001049)","[0.0010489814216271044, 1.884129064832964, 6.755743844124582, 34.00012734936129, 164.90136858540188, 27356.06338867178]",range_0,0.654622,11.464478,continuous,bar
range,"(-inf, 0.001049)","[0.0010489814216271044, 1.884129064832964, 6.755743844124582, 34.00012734936129, 164.90136858540188, 27356.06338867178]",range_0,0.220093,11.433094,continuous,box
range,"(-inf, 0.001049)","[0.0010489814216271044, 1.884129064832964, 6.755743844124582, 34.00012734936129, 164.90136858540188, 27356.06338867178]",range_0,0.0,11.417197,continuous,histogram
range,"(-inf, 0.001049)","[0.0010489814216271044, 1.884129064832964, 6.755743844124582, 34.00012734936129, 164.90136858540188, 27356.06338867178]",range_0,0.255266,11.435634,continuous,heatmap
gini,"(-inf, 0.003951)","[0.00395054218449419, 0.09158154010772704, 0.17946683315019454, 0.2661612808704376, 0.381471216414244, 0.5444116135758735]",gini_0,1.0,11.600248,continuous,line
gini,"(-inf, 0.003951)","[0.00395054218449419, 0.09158154010772704, 0.17946683315019454, 0.2661612808704376, 0.381471216414244, 0.5444116135758735]",gini_0,0.747987,11.578568,continuous,scatter
gini,"(-inf, 0.003951)","[0.00395054218449419, 0.09158154010772704, 0.17946683315019454, 0.2661612808704376, 0.381471216414244, 0.5444116135758735]",gini_0,0.463312,11.554077,continuous,bar
gini,"(-inf, 0.003951)","[0.00395054218449419, 0.09158154010772704, 0.17946683315019454, 0.2661612808704376, 0.381471216414244, 0.5444116135758735]",gini_0,0.234142,11.534362,continuous,box
gini,"(-inf, 0.003951)","[0.00395054218449419, 0.09158154010772704, 0.17946683315019454, 0.2661612808704376, 0.381471216414244, 0.5444116135758735]",gini_0,0.0,11.514219,continuous,histogram
gini,"(-inf, 0.003951)","[0.00395054218449419, 0.09158154010772704, 0.17946683315019454, 0.2661612808704376, 0.381471216414244, 0.5444116135758735]",gini_0,0.246432,11.535419,continuous,heatmap
avg_abs_dev,"(-inf, 0.001691)","[0.0016913167480379343, 0.8992536992026909, 4.595696832287696, 21.805817592374737, 2579.856231098791]",avg_abs_dev_0,1.0,11.506989,continuous,line
avg_abs_dev,"(-inf, 0.001691)","[0.0016913167480379343, 0.8992536992026909, 4.595696832287696, 21.805817592374737, 2579.856231098791]",avg_abs_dev_0,0.867729,11.497257,continuous,scatter
avg_abs_dev,"(-inf, 0.001691)","[0.0016913167480379343, 0.8992536992026909, 4.595696832287696, 21.805817592374737, 2579.856231098791]",avg_abs_dev_0,0.606404,11.478032,continuous,bar
avg_abs_dev,"(-inf, 0.001691)","[0.0016913167480379343, 0.8992536992026909, 4.595696832287696, 21.805817592374737, 2579.856231098791]",avg_abs_dev_0,0.200336,11.448158,continuous,box
avg_abs_dev,"(-inf, 0.001691)","[0.0016913167480379343, 0.8992536992026909, 4.595696832287696, 21.805817592374737, 2579.856231098791]",avg_abs_dev_0,0.0,11.433419,continuous,histogram
avg_abs_dev,"(-inf, 0.001691)","[0.0016913167480379343, 0.8992536992026909, 4.595696832287696, 21.805817592374737, 2579.856231098791]",avg_abs_dev_0,0.222413,11.449782,continuous,heatmap
skewness,"(-0.008621, 0.00147)","[-0.393793818426709, -0.008621457328779593, 0.00147035170271392, 0.6223711049364465, 3.101168877463187]",skewness_2,1.0,11.636201,continuous,line
skewness,"(-0.008621, 0.00147)","[-0.393793818426709, -0.008621457328779593, 0.00147035170271392, 0.6223711049364465, 3.101168877463187]",skewness_2,0.97554,11.633506,continuous,scatter
skewness,"(-0.008621, 0.00147)","[-0.393793818426709, -0.008621457328779593, 0.00147035170271392, 0.6223711049364465, 3.101168877463187]",skewness_2,0.495762,11.58064,continuous,bar
skewness,"(-0.008621, 0.00147)","[-0.393793818426709, -0.008621457328779593, 0.00147035170271392, 0.6223711049364465, 3.101168877463187]",skewness_2,0.134159,11.540795,continuous,box
skewness,"(-0.008621, 0.00147)","[-0.393793818426709, -0.008621457328779593, 0.00147035170271392, 0.6223711049364465, 3.101168877463187]",skewness_2,0.0,11.526012,continuous,histogram
skewness,"(-0.008621, 0.00147)","[-0.393793818426709, -0.008621457328779593, 0.00147035170271392, 0.6223711049364465, 3.101168877463187]",skewness_2,0.356605,11.565306,continuous,heatmap
kurtosis,"(-inf, -1.484341)","[-1.484341488230613, -1.1909797564629585, -0.8387569783387647, -0.17026565258541418, 1.5766148755627292, 12.258251583653113]",kurtosis_0,1.0,11.674585,continuous,line
kurtosis,"(-inf, -1.484341)","[-1.484341488230613, -1.1909797564629585, -0.8387569783387647, -0.17026565258541418, 1.5766148755627292, 12.258251583653113]",kurtosis_0,0.882255,11.661718,continuous,scatter
kurtosis,"(-inf, -1.484341)","[-1.484341488230613, -1.1909797564629585, -0.8387569783387647, -0.17026565258541418, 1.5766148755627292, 12.258251583653113]",kurtosis_0,0.732517,11.645353,continuous,bar
kurtosis,"(-inf, -1.484341)","[-1.484341488230613, -1.1909797564629585, -0.8387569783387647, -0.17026565258541418, 1.5766148755627292, 12.258251583653113]",kurtosis_0,0.498418,11.61977,continuous,box
kurtosis,"(-inf, -1.484341)","[-1.484341488230613, -1.1909797564629585, -0.8387569783387647, -0.17026565258541418, 1.5766148755627292, 12.258251583653113]",kurtosis_0,0.0,11.5653,continuous,histogram
kurtosis,"(-inf, -1.484341)","[-1.484341488230613, -1.1909797564629585, -0.8387569783387647, -0.17026565258541418, 1.5766148755627292, 12.258251583653113]",kurtosis_0,0.17453,11.584374,continuous,heatmap
moment_6,"(-inf, 0.0)","[3.7047958857628857e-13, 24.470863465339907, 2608316.9706451613, 44125102529.89933, 1.3190857928921512e+20]",moment_6_0,1.0,11.500206,continuous,line
moment_6,"(-inf, 0.0)","[3.7047958857628857e-13, 24.470863465339907, 2608316.9706451613, 44125102529.89933, 1.3190857928921512e+20]",moment_6_0,0.852275,11.488419,continuous,scatter
moment_6,"(-inf, 0.0)","[3.7047958857628857e-13, 24.470863465339907, 2608316.9706451613, 44125102529.89933, 1.3190857928921512e+20]",moment_6_0,0.630513,11.470726,continuous,bar
moment_6,"(-inf, 0.0)","[3.7047958857628857e-13, 24.470863465339907, 2608316.9706451613, 44125102529.89933, 1.3190857928921512e+20]",moment_6_0,0.258255,11.441025,continuous,box
moment_6,"(-inf, 0.0)","[3.7047958857628857e-13, 24.470863465339907, 2608316.9706451613, 44125102529.89933, 1.3190857928921512e+20]",moment_6_0,0.0,11.42042,continuous,histogram
moment_6,"(-inf, 0.0)","[3.7047958857628857e-13, 24.470863465339907, 2608316.9706451613, 44125102529.89933, 1.3190857928921512e+20]",moment_6_0,0.219777,11.437955,continuous,heatmap
moment_7,"(-0.0, 0.035443)","[-8080.4938661637225, -1.1803249820933025e-29, 0.03544333368539812, 35631.60671685985, 2.9994971860657484e+19]",moment_7_2,1.0,11.657102,continuous,line
moment_7,"(-0.0, 0.035443)","[-8080.4938661637225, -1.1803249820933025e-29, 0.03544333368539812, 35631.60671685985, 2.9994971860657484e+19]",moment_7_2,0.983372,11.655365,continuous,scatter
moment_7,"(-0.0, 0.035443)","[-8080.4938661637225, -1.1803249820933025e-29, 0.03544333368539812, 35631.60671685985, 2.9994971860657484e+19]",moment_7_2,0.478928,11.60268,continuous,bar
moment_7,"(-0.0, 0.035443)","[-8080.4938661637225, -1.1803249820933025e-29, 0.03544333368539812, 35631.60671685985, 2.9994971860657484e+19]",moment_7_2,0.182015,11.571669,continuous,box
moment_7,"(-0.0, 0.035443)","[-8080.4938661637225, -1.1803249820933025e-29, 0.03544333368539812, 35631.60671685985, 2.9994971860657484e+19]",moment_7_2,0.0,11.552659,continuous,histogram
moment_7,"(-0.0, 0.035443)","[-8080.4938661637225, -1.1803249820933025e-29, 0.03544333368539812, 35631.60671685985, 2.9994971860657484e+19]",moment_7_2,0.250268,11.578798,continuous,heatmap
moment_8,"(-inf, 0.0)","[6.96370545438728e-17, 105.55832996983654, 7902707318.585811, 313954491464076.7, 2.5877225658845137e+24]",moment_8_0,1.0,11.499547,continuous,line
moment_8,"(-inf, 0.0)","[6.96370545438728e-17, 105.55832996983654, 7902707318.585811, 313954491464076.7, 2.5877225658845137e+24]",moment_8_0,0.880078,11.490734,continuous,scatter
moment_8,"(-inf, 0.0)","[6.96370545438728e-17, 105.55832996983654, 7902707318.585811, 313954491464076.7, 2.5877225658845137e+24]",moment_8_0,0.649949,11.473822,continuous,bar
moment_8,"(-inf, 0.0)","[6.96370545438728e-17, 105.55832996983654, 7902707318.585811, 313954491464076.7, 2.5877225658845137e+24]",moment_8_0,0.231565,11.443075,continuous,box
moment_8,"(-inf, 0.0)","[6.96370545438728e-17, 105.55832996983654, 7902707318.585811, 313954491464076.7, 2.5877225658845137e+24]",moment_8_0,0.0,11.426058,continuous,histogram
moment_8,"(-inf, 0.0)","[6.96370545438728e-17, 105.55832996983654, 7902707318.585811, 313954491464076.7, 2.5877225658845137e+24]",moment_8_0,0.23321,11.443196,continuous,heatmap
moment_9,"(-0.0, 0.816748)","[-1401645.8064516135, -8.465492734351432e-15, 0.8167481387046068, 15399884.174838709, 7.281524997937811e+17]",moment_9_2,1.0,11.645702,continuous,line
moment_9,"(-0.0, 0.816748)","[-1401645.8064516135, -8.465492734351432e-15, 0.8167481387046068, 15399884.174838709, 7.281524997937811e+17]",moment_9_2,0.998926,11.645598,continuous,scatter
moment_9,"(-0.0, 0.816748)","[-1401645.8064516135, -8.465492734351432e-15, 0.8167481387046068, 15399884.174838709, 7.281524997937811e+17]",moment_9_2,0.427459,11.590074,continuous,bar
moment_9,"(-0.0, 0.816748)","[-1401645.8064516135, -8.465492734351432e-15, 0.8167481387046068, 15399884.174838709, 7.281524997937811e+17]",moment_9_2,0.17432,11.565479,continuous,box
moment_9,"(-0.0, 0.816748)","[-1401645.8064516135, -8.465492734351432e-15, 0.8167481387046068, 15399884.174838709, 7.281524997937811e+17]",moment_9_2,0.0,11.548542,continuous,histogram
moment_9,"(-0.0, 0.816748)","[-1401645.8064516135, -8.465492734351432e-15, 0.8167481387046068, 15399884.174838709, 7.281524997937811e+17]",moment_9_2,0.178005,11.565837,continuous,heatmap
moment_10,"(-inf, 0.0)","[9.571977461719663e-21, 0.0940079336397108, 2059.777588441911, 26054988855.494194, 2553332197612500.0, 5.3882306893310606e+26]",moment_10_0,1.0,11.495274,continuous,line
moment_10,"(-inf, 0.0)","[9.571977461719663e-21, 0.0940079336397108, 2059.777588441911, 26054988855.494194, 2553332197612500.0, 5.3882306893310606e+26]",moment_10_0,0.877794,11.485686,continuous,scatter
moment_10,"(-inf, 0.0)","[9.571977461719663e-21, 0.0940079336397108, 2059.777588441911, 26054988855.494194, 2553332197612500.0, 5.3882306893310606e+26]",moment_10_0,0.64889,11.467725,continuous,bar
moment_10,"(-inf, 0.0)","[9.571977461719663e-21, 0.0940079336397108, 2059.777588441911, 26054988855.494194, 2553332197612500.0, 5.3882306893310606e+26]",moment_10_0,0.264932,11.437599,continuous,box
moment_10,"(-inf, 0.0)","[9.571977461719663e-21, 0.0940079336397108, 2059.777588441911, 26054988855.494194, 2553332197612500.0, 5.3882306893310606e+26]",moment_10_0,0.0,11.416811,continuous,histogram
moment_10,"(-inf, 0.0)","[9.571977461719663e-21, 0.0940079336397108, 2059.777588441911, 26054988855.494194, 2553332197612500.0, 5.3882306893310606e+26]",moment_10_0,0.230816,11.434922,continuous,heatmap
percent_outliers_3iqr,"(-inf, 0.329988)","[0.3299883709799859, 0.7134887467661212, 0.8054596785576114, 0.9000023295802454, 0.9631309172030418, 0.9775492457612869]",percent_outliers_3iqr_0,1.0,11.587549,continuous,line
percent_outliers_3iqr,"(-inf, 0.329988)","[0.3299883709799859, 0.7134887467661212, 0.8054596785576114, 0.9000023295802454, 0.9631309172030418, 0.9775492457612869]",percent_outliers_3iqr_0,0.676861,11.571507,continuous,scatter
percent_outliers_3iqr,"(-inf, 0.329988)","[0.3299883709799859, 0.7134887467661212, 0.8054596785576114, 0.9000023295802454, 0.9631309172030418, 0.9775492457612869]",percent_outliers_3iqr_0,0.126604,11.544189,continuous,bar
percent_outliers_3iqr,"(-inf, 0.329988)","[0.3299883709799859, 0.7134887467661212, 0.8054596785576114, 0.9000023295802454, 0.9631309172030418, 0.9775492457612869]",percent_outliers_3iqr_0,0.231134,11.549378,continuous,box
percent_outliers_3iqr,"(-inf, 0.329988)","[0.3299883709799859, 0.7134887467661212, 0.8054596785576114, 0.9000023295802454, 0.9631309172030418, 0.9775492457612869]",percent_outliers_3iqr_0,0.215392,11.548597,continuous,histogram
percent_outliers_3iqr,"(-inf, 0.329988)","[0.3299883709799859, 0.7134887467661212, 0.8054596785576114, 0.9000023295802454, 0.9631309172030418, 0.9775492457612869]",percent_outliers_3iqr_0,0.0,11.537904,continuous,heatmap
percent_outliers_1_99,"(-inf, 0.086969)","[0.08696898928573053, 0.9165140006619115, 0.9907972921863679]",percent_outliers_1_99_0,1.0,11.536823,continuous,line
percent_outliers_1_99,"(-inf, 0.086969)","[0.08696898928573053, 0.9165140006619115, 0.9907972921863679]",percent_outliers_1_99_0,0.789168,11.525601,continuous,scatter
percent_outliers_1_99,"(-inf, 0.086969)","[0.08696898928573053, 0.9165140006619115, 0.9907972921863679]",percent_outliers_1_99_0,0.163069,11.492278,continuous,bar
percent_outliers_1_99,"(-inf, 0.086969)","[0.08696898928573053, 0.9165140006619115, 0.9907972921863679]",percent_outliers_1_99_0,0.023589,11.484854,continuous,box
percent_outliers_1_99,"(-inf, 0.086969)","[0.08696898928573053, 0.9165140006619115, 0.9907972921863679]",percent_outliers_1_99_0,0.0,11.483599,continuous,histogram
percent_outliers_1_99,"(-inf, 0.086969)","[0.08696898928573053, 0.9165140006619115, 0.9907972921863679]",percent_outliers_1_99_0,0.050544,11.486289,continuous,heatmap
normality_statistic,"(278.810467, 2755.48306)","[2.4420980342741934, 11.224123300121676, 40.29032087326056, 278.8104670961443, 2755.4830602633538]",normality_statistic_4,1.0,11.674648,continuous,line
normality_statistic,"(278.810467, 2755.48306)","[2.4420980342741934, 11.224123300121676, 40.29032087326056, 278.8104670961443, 2755.4830602633538]",normality_statistic_4,0.839546,11.657461,continuous,scatter
normality_statistic,"(278.810467, 2755.48306)","[2.4420980342741934, 11.224123300121676, 40.29032087326056, 278.8104670961443, 2755.4830602633538]",normality_statistic_4,0.0,11.567536,continuous,bar
normality_statistic,"(278.810467, 2755.48306)","[2.4420980342741934, 11.224123300121676, 40.29032087326056, 278.8104670961443, 2755.4830602633538]",normality_statistic_4,0.602954,11.632119,continuous,box
normality_statistic,"(278.810467, 2755.48306)","[2.4420980342741934, 11.224123300121676, 40.29032087326056, 278.8104670961443, 2755.4830602633538]",normality_statistic_4,0.639128,11.635994,continuous,histogram
normality_statistic,"(278.810467, 2755.48306)","[2.4420980342741934, 11.224123300121676, 40.29032087326056, 278.8104670961443, 2755.4830602633538]",normality_statistic_4,0.530712,11.624381,continuous,heatmap
normality_p,"(-inf, 0.0)","[1.414449563859021e-12, 0.00044312036605626947, 0.11218227241308461, 0.5909588890883231]",normality_p_0,1.0,11.687868,continuous,line
normality_p,"(-inf, 0.0)","[1.414449563859021e-12, 0.00044312036605626947, 0.11218227241308461, 0.5909588890883231]",normality_p_0,0.817853,11.667159,continuous,scatter
normality_p,"(-inf, 0.0)","[1.414449563859021e-12, 0.00044312036605626947, 0.11218227241308461, 0.5909588890883231]",normality_p_0,0.0,11.574176,continuous,bar
normality_p,"(-inf, 0.0)","[1.414449563859021e-12, 0.00044312036605626947, 0.11218227241308461, 0.5909588890883231]",normality_p_0,0.616253,11.644239,continuous,box
normality_p,"(-inf, 0.0)","[1.414449563859021e-12, 0.00044312036605626947, 0.11218227241308461, 0.5909588890883231]",normality_p_0,0.684614,11.652011,continuous,histogram
normality_p,"(-inf, 0.0)","[1.414449563859021e-12, 0.00044312036605626947, 0.11218227241308461, 0.5909588890883231]",normality_p_0,0.550338,11.636745,continuous,heatmap
log_space_sequence_coeff,"(-inf, 0.004471)","[0.004471472915141813, 0.03045050866541362, 0.10070002636121164, 0.19951813624751186, 0.528290071314381]",log_space_sequence_coeff_0,1.0,11.638164,continuous,line
log_space_sequence_coeff,"(-inf, 0.004471)","[0.004471472915141813, 0.03045050866541362, 0.10070002636121164, 0.19951813624751186, 0.528290071314381]",log_space_sequence_coeff_0,0.729951,11.619057,continuous,scatter
log_space_sequence_coeff,"(-inf, 0.004471)","[0.004471472915141813, 0.03045050866541362, 0.10070002636121164, 0.19951813624751186, 0.528290071314381]",log_space_sequence_coeff_0,0.0,11.56741,continuous,bar
log_space_sequence_coeff,"(-inf, 0.004471)","[0.004471472915141813, 0.03045050866541362, 0.10070002636121164, 0.19951813624751186, 0.528290071314381]",log_space_sequence_coeff_0,0.511726,11.603616,continuous,box
log_space_sequence_coeff,"(-inf, 0.004471)","[0.004471472915141813, 0.03045050866541362, 0.10070002636121164, 0.19951813624751186, 0.528290071314381]",log_space_sequence_coeff_0,0.077511,11.572894,continuous,histogram
log_space_sequence_coeff,"(-inf, 0.004471)","[0.004471472915141813, 0.03045050866541362, 0.10070002636121164, 0.19951813624751186, 0.528290071314381]",log_space_sequence_coeff_0,0.130775,11.576663,continuous,heatmap
mean,"(0.191694, 4.191202)","[0.19169357286826255, 4.191202395962129, 31.850277947456604, 281.8860048355595, 8262.562250976542]",mean_1,0.82591,11.628545,continuous,line
mean,"(0.191694, 4.191202)","[0.19169357286826255, 4.191202395962129, 31.850277947456604, 281.8860048355595, 8262.562250976542]",mean_1,1.0,11.638389,continuous,scatter
mean,"(0.191694, 4.191202)","[0.19169357286826255, 4.191202395962129, 31.850277947456604, 281.8860048355595, 8262.562250976542]",mean_1,0.501987,11.610228,continuous,bar
mean,"(0.191694, 4.191202)","[0.19169357286826255, 4.191202395962129, 31.850277947456604, 281.8860048355595, 8262.562250976542]",mean_1,0.90702,11.633132,continuous,box
mean,"(0.191694, 4.191202)","[0.19169357286826255, 4.191202395962129, 31.850277947456604, 281.8860048355595, 8262.562250976542]",mean_1,0.008985,11.58235,continuous,histogram
mean,"(0.191694, 4.191202)","[0.19169357286826255, 4.191202395962129, 31.850277947456604, 281.8860048355595, 8262.562250976542]",mean_1,0.0,11.581842,continuous,heatmap
normalized_mean,"(0.123359, 0.405594)","[0.12335866319556389, 0.4055944875219176, 0.5259337732099718, 0.6351002664527585, 0.7784608491774527, 0.9896777660615983]",normalized_mean_1,0.556707,11.634944,continuous,line
normalized_mean,"(0.123359, 0.405594)","[0.12335866319556389, 0.4055944875219176, 0.5259337732099718, 0.6351002664527585, 0.7784608491774527, 0.9896777660615983]",normalized_mean_1,0.404559,11.626499,continuous,scatter
normalized_mean,"(0.123359, 0.405594)","[0.12335866319556389, 0.4055944875219176, 0.5259337732099718, 0.6351002664527585, 0.7784608491774527, 0.9896777660615983]",normalized_mean_1,0.592905,11.636954,continuous,bar
normalized_mean,"(0.123359, 0.405594)","[0.12335866319556389, 0.4055944875219176, 0.5259337732099718, 0.6351002664527585, 0.7784608491774527, 0.9896777660615983]",normalized_mean_1,1.0,11.659551,continuous,box
normalized_mean,"(0.123359, 0.405594)","[0.12335866319556389, 0.4055944875219176, 0.5259337732099718, 0.6351002664527585, 0.7784608491774527, 0.9896777660615983]",normalized_mean_1,0.0,11.604042,continuous,histogram
normalized_mean,"(0.123359, 0.405594)","[0.12335866319556389, 0.4055944875219176, 0.5259337732099718, 0.6351002664527585, 0.7784608491774527, 0.9896777660615983]",normalized_mean_1,0.05798,11.607261,continuous,heatmap
median,"(0.110301, 5.251453)","[0.11030144243110573, 5.251452979118592, 30.791238223660386, 273.1241935483871, 10816.114516129033]",median_1,0.769902,11.630455,continuous,line
median,"(0.110301, 5.251453)","[0.11030144243110573, 5.251452979118592, 30.791238223660386, 273.1241935483871, 10816.114516129033]",median_1,1.0,11.64391,continuous,scatter
median,"(0.110301, 5.251453)","[0.11030144243110573, 5.251452979118592, 30.791238223660386, 273.1241935483871, 10816.114516129033]",median_1,0.459493,11.612304,continuous,bar
median,"(0.110301, 5.251453)","[0.11030144243110573, 5.251452979118592, 30.791238223660386, 273.1241935483871, 10816.114516129033]",median_1,0.938029,11.640286,continuous,box
median,"(0.110301, 5.251453)","[0.11030144243110573, 5.251452979118592, 30.791238223660386, 273.1241935483871, 10816.114516129033]",median_1,0.0,11.585435,continuous,histogram
median,"(0.110301, 5.251453)","[0.11030144243110573, 5.251452979118592, 30.791238223660386, 273.1241935483871, 10816.114516129033]",median_1,0.043123,11.587957,continuous,heatmap
normalized_median,"(0.000644, 0.345166)","[0.0006439799570568626, 0.34516593635082243, 0.5100700477919271, 0.6504355974735753, 0.8352578886189768, 0.9933362595496638]",normalized_median_1,0.519557,11.630192,continuous,line
normalized_median,"(0.000644, 0.345166)","[0.0006439799570568626, 0.34516593635082243, 0.5100700477919271, 0.6504355974735753, 0.8352578886189768, 0.9933362595496638]",normalized_median_1,0.382816,11.623507,continuous,scatter
normalized_median,"(0.000644, 0.345166)","[0.0006439799570568626, 0.34516593635082243, 0.5100700477919271, 0.6504355974735753, 0.8352578886189768, 0.9933362595496638]",normalized_median_1,0.547605,11.631564,continuous,bar
normalized_median,"(0.000644, 0.345166)","[0.0006439799570568626, 0.34516593635082243, 0.5100700477919271, 0.6504355974735753, 0.8352578886189768, 0.9933362595496638]",normalized_median_1,1.0,11.653681,continuous,box
normalized_median,"(0.000644, 0.345166)","[0.0006439799570568626, 0.34516593635082243, 0.5100700477919271, 0.6504355974735753, 0.8352578886189768, 0.9933362595496638]",normalized_median_1,0.0,11.604792,continuous,histogram
normalized_median,"(0.000644, 0.345166)","[0.0006439799570568626, 0.34516593635082243, 0.5100700477919271, 0.6504355974735753, 0.8352578886189768, 0.9933362595496638]",normalized_median_1,0.185616,11.613866,continuous,heatmap
coeff_var,"(0.663605, 1.760341)","[0.0032526775221941202, 0.6636052427753325, 1.7603407242221216, 5.826227477519748, 326.19710867604397]",coeff_var_2,1.0,11.689541,continuous,line
coeff_var,"(0.663605, 1.760341)","[0.0032526775221941202, 0.6636052427753325, 1.7603407242221216, 5.826227477519748, 326.19710867604397]",coeff_var_2,0.989976,11.688956,continuous,scatter
coeff_var,"(0.663605, 1.760341)","[0.0032526775221941202, 0.6636052427753325, 1.7603407242221216, 5.826227477519748, 326.19710867604397]",coeff_var_2,0.07219,11.635431,continuous,bar
coeff_var,"(0.663605, 1.760341)","[0.0032526775221941202, 0.6636052427753325, 1.7603407242221216, 5.826227477519748, 326.19710867604397]",coeff_var_2,0.658062,11.669599,continuous,box
coeff_var,"(0.663605, 1.760341)","[0.0032526775221941202, 0.6636052427753325, 1.7603407242221216, 5.826227477519748, 326.19710867604397]",coeff_var_2,0.0,11.631221,continuous,histogram
coeff_var,"(0.663605, 1.760341)","[0.0032526775221941202, 0.6636052427753325, 1.7603407242221216, 5.826227477519748, 326.19710867604397]",coeff_var_2,0.085896,11.636231,continuous,heatmap
normalized_range,"(2.660475, 21.228071)","[0.023459269971616813, 0.4650886678887952, 1.0605909924353323, 1.7842451153262968, 2.6604745115772372, 21.228070812840613]",normalized_range_5,0.518974,11.633116,continuous,line
normalized_range,"(2.660475, 21.228071)","[0.023459269971616813, 0.4650886678887952, 1.0605909924353323, 1.7842451153262968, 2.6604745115772372, 21.228070812840613]",normalized_range_5,0.223091,11.620232,continuous,scatter
normalized_range,"(2.660475, 21.228071)","[0.023459269971616813, 0.4650886678887952, 1.0605909924353323, 1.7842451153262968, 2.6604745115772372, 21.228070812840613]",normalized_range_5,0.343183,11.625461,continuous,bar
normalized_range,"(2.660475, 21.228071)","[0.023459269971616813, 0.4650886678887952, 1.0605909924353323, 1.7842451153262968, 2.6604745115772372, 21.228070812840613]",normalized_range_5,1.0,11.654061,continuous,box
normalized_range,"(2.660475, 21.228071)","[0.023459269971616813, 0.4650886678887952, 1.0605909924353323, 1.7842451153262968, 2.6604745115772372, 21.228070812840613]",normalized_range_5,0.0,11.610518,continuous,histogram
normalized_range,"(2.660475, 21.228071)","[0.023459269971616813, 0.4650886678887952, 1.0605909924353323, 1.7842451153262968, 2.6604745115772372, 21.228070812840613]",normalized_range_5,0.002583,11.610631,continuous,heatmap
entropy,"(3.06644, 4.227416)","[0.2241236507892609, 1.3727904235932133, 2.299301989847614, 3.066440336473527, 4.227416124036235, 7.226597045621564]",entropy_4,0.972655,11.721809,continuous,line
entropy,"(3.06644, 4.227416)","[0.2241236507892609, 1.3727904235932133, 2.299301989847614, 3.066440336473527, 4.227416124036235, 7.226597045621564]",entropy_4,0.652764,11.694641,continuous,scatter
entropy,"(3.06644, 4.227416)","[0.2241236507892609, 1.3727904235932133, 2.299301989847614, 3.066440336473527, 4.227416124036235, 7.226597045621564]",entropy_4,0.0,11.639203,continuous,bar
entropy,"(3.06644, 4.227416)","[0.2241236507892609, 1.3727904235932133, 2.299301989847614, 3.066440336473527, 4.227416124036235, 7.226597045621564]",entropy_4,1.0,11.724131,continuous,box
entropy,"(3.06644, 4.227416)","[0.2241236507892609, 1.3727904235932133, 2.299301989847614, 3.066440336473527, 4.227416124036235, 7.226597045621564]",entropy_4,0.479425,11.67992,continuous,histogram
entropy,"(3.06644, 4.227416)","[0.2241236507892609, 1.3727904235932133, 2.299301989847614, 3.066440336473527, 4.227416124036235, 7.226597045621564]",entropy_4,0.349614,11.668895,continuous,heatmap
gini,"(0.381471, 0.544412)","[0.00395054218449419, 0.09158154010772704, 0.17946683315019454, 0.2661612808704376, 0.381471216414244, 0.5444116135758735]",gini_5,0.947757,11.672188,continuous,line
gini,"(0.381471, 0.544412)","[0.00395054218449419, 0.09158154010772704, 0.17946683315019454, 0.2661612808704376, 0.381471216414244, 0.5444116135758735]",gini_5,1.0,11.676319,continuous,scatter
gini,"(0.381471, 0.544412)","[0.00395054218449419, 0.09158154010772704, 0.17946683315019454, 0.2661612808704376, 0.381471216414244, 0.5444116135758735]",gini_5,0.685546,11.651454,continuous,bar
gini,"(0.381471, 0.544412)","[0.00395054218449419, 0.09158154010772704, 0.17946683315019454, 0.2661612808704376, 0.381471216414244, 0.5444116135758735]",gini_5,0.587731,11.64372,continuous,box
gini,"(0.381471, 0.544412)","[0.00395054218449419, 0.09158154010772704, 0.17946683315019454, 0.2661612808704376, 0.381471216414244, 0.5444116135758735]",gini_5,0.0,11.597247,continuous,histogram
gini,"(0.381471, 0.544412)","[0.00395054218449419, 0.09158154010772704, 0.17946683315019454, 0.2661612808704376, 0.381471216414244, 0.5444116135758735]",gini_5,0.345877,11.624596,continuous,heatmap
kurtosis,"(-1.484341, -1.19098)","[-1.484341488230613, -1.1909797564629585, -0.8387569783387647, -0.17026565258541418, 1.5766148755627292, 12.258251583653113]",kurtosis_1,0.889794,11.663416,continuous,line
kurtosis,"(-1.484341, -1.19098)","[-1.484341488230613, -1.1909797564629585, -0.8387569783387647, -0.17026565258541418, 1.5766148755627292, 12.258251583653113]",kurtosis_1,1.0,11.676493,continuous,scatter
kurtosis,"(-1.484341, -1.19098)","[-1.484341488230613, -1.1909797564629585, -0.8387569783387647, -0.17026565258541418, 1.5766148755627292, 12.258251583653113]",kurtosis_1,0.268268,11.589667,continuous,bar
kurtosis,"(-1.484341, -1.19098)","[-1.484341488230613, -1.1909797564629585, -0.8387569783387647, -0.17026565258541418, 1.5766148755627292, 12.258251583653113]",kurtosis_1,0.244747,11.586876,continuous,box
kurtosis,"(-1.484341, -1.19098)","[-1.484341488230613, -1.1909797564629585, -0.8387569783387647, -0.17026565258541418, 1.5766148755627292, 12.258251583653113]",kurtosis_1,0.0,11.557834,continuous,histogram
kurtosis,"(-1.484341, -1.19098)","[-1.484341488230613, -1.1909797564629585, -0.8387569783387647, -0.17026565258541418, 1.5766148755627292, 12.258251583653113]",kurtosis_1,0.391791,11.604324,continuous,heatmap
normality_statistic,"(40.290321, 278.810467)","[2.4420980342741934, 11.224123300121676, 40.29032087326056, 278.8104670961443, 2755.4830602633538]",normality_statistic_3,1.0,11.679224,continuous,line
normality_statistic,"(40.290321, 278.810467)","[2.4420980342741934, 11.224123300121676, 40.29032087326056, 278.8104670961443, 2755.4830602633538]",normality_statistic_3,0.864441,11.665863,continuous,scatter
normality_statistic,"(40.290321, 278.810467)","[2.4420980342741934, 11.224123300121676, 40.29032087326056, 278.8104670961443, 2755.4830602633538]",normality_statistic_3,0.0,11.580661,continuous,bar
normality_statistic,"(40.290321, 278.810467)","[2.4420980342741934, 11.224123300121676, 40.29032087326056, 278.8104670961443, 2755.4830602633538]",normality_statistic_3,0.822323,11.661712,continuous,box
normality_statistic,"(40.290321, 278.810467)","[2.4420980342741934, 11.224123300121676, 40.29032087326056, 278.8104670961443, 2755.4830602633538]",normality_statistic_3,0.772865,11.656837,continuous,histogram
normality_statistic,"(40.290321, 278.810467)","[2.4420980342741934, 11.224123300121676, 40.29032087326056, 278.8104670961443, 2755.4830602633538]",normality_statistic_3,0.68661,11.648336,continuous,heatmap
var,"(32.225376, 802.646308)","[2.5077526515815407e-05, 1.6052005600929224, 32.22537642817343, 802.6463076486889, 8941665.196451588]",var_3,1.0,11.600963,continuous,line
var,"(32.225376, 802.646308)","[2.5077526515815407e-05, 1.6052005600929224, 32.22537642817343, 802.6463076486889, 8941665.196451588]",var_3,0.929703,11.596807,continuous,scatter
var,"(32.225376, 802.646308)","[2.5077526515815407e-05, 1.6052005600929224, 32.22537642817343, 802.6463076486889, 8941665.196451588]",var_3,0.288986,11.558927,continuous,bar
var,"(32.225376, 802.646308)","[2.5077526515815407e-05, 1.6052005600929224, 32.22537642817343, 802.6463076486889, 8941665.196451588]",var_3,0.850544,11.592127,continuous,box
var,"(32.225376, 802.646308)","[2.5077526515815407e-05, 1.6052005600929224, 32.22537642817343, 802.6463076486889, 8941665.196451588]",var_3,0.0,11.541841,continuous,histogram
var,"(32.225376, 802.646308)","[2.5077526515815407e-05, 1.6052005600929224, 32.22537642817343, 802.6463076486889, 8941665.196451588]",var_3,0.24436,11.556288,continuous,heatmap
std,"(5.671287, 28.32949)","[0.00501265075057745, 1.265435202025598, 5.671287387417207, 28.329489892528905, 3000.464824061234]",std_3,1.0,11.609441,continuous,line
std,"(5.671287, 28.32949)","[0.00501265075057745, 1.265435202025598, 5.671287387417207, 28.329489892528905, 3000.464824061234]",std_3,0.944173,11.606051,continuous,scatter
std,"(5.671287, 28.32949)","[0.00501265075057745, 1.265435202025598, 5.671287387417207, 28.329489892528905, 3000.464824061234]",std_3,0.279366,11.565686,continuous,bar
std,"(5.671287, 28.32949)","[0.00501265075057745, 1.265435202025598, 5.671287387417207, 28.329489892528905, 3000.464824061234]",std_3,0.803734,11.597524,continuous,box
std,"(5.671287, 28.32949)","[0.00501265075057745, 1.265435202025598, 5.671287387417207, 28.329489892528905, 3000.464824061234]",std_3,0.0,11.548723,continuous,histogram
std,"(5.671287, 28.32949)","[0.00501265075057745, 1.265435202025598, 5.671287387417207, 28.329489892528905, 3000.464824061234]",std_3,0.251448,11.563991,continuous,heatmap
coeff_var,"(1.760341, 5.826227)","[0.0032526775221941202, 0.6636052427753325, 1.7603407242221216, 5.826227477519748, 326.19710867604397]",coeff_var_3,1.0,11.668303,continuous,line
coeff_var,"(1.760341, 5.826227)","[0.0032526775221941202, 0.6636052427753325, 1.7603407242221216, 5.826227477519748, 326.19710867604397]",coeff_var_3,0.807603,11.655339,continuous,scatter
coeff_var,"(1.760341, 5.826227)","[0.0032526775221941202, 0.6636052427753325, 1.7603407242221216, 5.826227477519748, 326.19710867604397]",coeff_var_3,0.309325,11.621766,continuous,bar
coeff_var,"(1.760341, 5.826227)","[0.0032526775221941202, 0.6636052427753325, 1.7603407242221216, 5.826227477519748, 326.19710867604397]",coeff_var_3,0.798629,11.654735,continuous,box
coeff_var,"(1.760341, 5.826227)","[0.0032526775221941202, 0.6636052427753325, 1.7603407242221216, 5.826227477519748, 326.19710867604397]",coeff_var_3,0.0,11.600925,continuous,histogram
coeff_var,"(1.760341, 5.826227)","[0.0032526775221941202, 0.6636052427753325, 1.7603407242221216, 5.826227477519748, 326.19710867604397]",coeff_var_3,0.251948,11.6179,continuous,heatmap
range,"(34.000127, 164.901369)","[0.0010489814216271044, 1.884129064832964, 6.755743844124582, 34.00012734936129, 164.90136858540188, 27356.06338867178]",range_4,0.897438,11.604948,continuous,line
range,"(34.000127, 164.901369)","[0.0010489814216271044, 1.884129064832964, 6.755743844124582, 34.00012734936129, 164.90136858540188, 27356.06338867178]",range_4,1.0,11.610686,continuous,scatter
range,"(34.000127, 164.901369)","[0.0010489814216271044, 1.884129064832964, 6.755743844124582, 34.00012734936129, 164.90136858540188, 27356.06338867178]",range_4,0.163343,11.563876,continuous,bar
range,"(34.000127, 164.901369)","[0.0010489814216271044, 1.884129064832964, 6.755743844124582, 34.00012734936129, 164.90136858540188, 27356.06338867178]",range_4,0.627413,11.58984,continuous,box
range,"(34.000127, 164.901369)","[0.0010489814216271044, 1.884129064832964, 6.755743844124582, 34.00012734936129, 164.90136858540188, 27356.06338867178]",range_4,0.0,11.554737,continuous,histogram
range,"(34.000127, 164.901369)","[0.0010489814216271044, 1.884129064832964, 6.755743844124582, 34.00012734936129, 164.90136858540188, 27356.06338867178]",range_4,0.188916,11.565307,continuous,heatmap
normalized_range,"(0.465089, 1.060591)","[0.023459269971616813, 0.4650886678887952, 1.0605909924353323, 1.7842451153262968, 2.6604745115772372, 21.228070812840613]",normalized_range_2,0.670849,11.653124,continuous,line
normalized_range,"(0.465089, 1.060591)","[0.023459269971616813, 0.4650886678887952, 1.0605909924353323, 1.7842451153262968, 2.6604745115772372, 21.228070812840613]",normalized_range_2,0.753649,11.660153,continuous,scatter
normalized_range,"(0.465089, 1.060591)","[0.023459269971616813, 0.4650886678887952, 1.0605909924353323, 1.7842451153262968, 2.6604745115772372, 21.228070812840613]",normalized_range_2,0.400913,11.63021,continuous,bar
normalized_range,"(0.465089, 1.060591)","[0.023459269971616813, 0.4650886678887952, 1.0605909924353323, 1.7842451153262968, 2.6604745115772372, 21.228070812840613]",normalized_range_2,1.0,11.681065,continuous,box
normalized_range,"(0.465089, 1.060591)","[0.023459269971616813, 0.4650886678887952, 1.0605909924353323, 1.7842451153262968, 2.6604745115772372, 21.228070812840613]",normalized_range_2,0.0,11.596178,continuous,histogram
normalized_range,"(0.465089, 1.060591)","[0.023459269971616813, 0.4650886678887952, 1.0605909924353323, 1.7842451153262968, 2.6604745115772372, 21.228070812840613]",normalized_range_2,0.046369,11.600114,continuous,heatmap
gini,"(0.091582, 0.179467)","[0.00395054218449419, 0.09158154010772704, 0.17946683315019454, 0.2661612808704376, 0.381471216414244, 0.5444116135758735]",gini_2,0.66039,11.669514,continuous,line
gini,"(0.091582, 0.179467)","[0.00395054218449419, 0.09158154010772704, 0.17946683315019454, 0.2661612808704376, 0.381471216414244, 0.5444116135758735]",gini_2,0.930126,11.687093,continuous,scatter
gini,"(0.091582, 0.179467)","[0.00395054218449419, 0.09158154010772704, 0.17946683315019454, 0.2661612808704376, 0.381471216414244, 0.5444116135758735]",gini_2,0.0,11.626474,continuous,bar
gini,"(0.091582, 0.179467)","[0.00395054218449419, 0.09158154010772704, 0.17946683315019454, 0.2661612808704376, 0.381471216414244, 0.5444116135758735]",gini_2,1.0,11.691647,continuous,box
gini,"(0.091582, 0.179467)","[0.00395054218449419, 0.09158154010772704, 0.17946683315019454, 0.2661612808704376, 0.381471216414244, 0.5444116135758735]",gini_2,0.420051,11.65385,continuous,histogram
gini,"(0.091582, 0.179467)","[0.00395054218449419, 0.09158154010772704, 0.17946683315019454, 0.2661612808704376, 0.381471216414244, 0.5444116135758735]",gini_2,0.154829,11.636564,continuous,heatmap
med_abs_dev,"(2.178284, 13.450038)","[2.4265916763397396e-05, 0.7801671246847797, 2.1782844193520083, 13.450038244185908, 2452.4554838709664]",med_abs_dev_3,1.0,11.64413,continuous,line
med_abs_dev,"(2.178284, 13.450038)","[2.4265916763397396e-05, 0.7801671246847797, 2.1782844193520083, 13.450038244185908, 2452.4554838709664]",med_abs_dev_3,0.879554,11.636378,continuous,scatter
med_abs_dev,"(2.178284, 13.450038)","[2.4265916763397396e-05, 0.7801671246847797, 2.1782844193520083, 13.450038244185908, 2452.4554838709664]",med_abs_dev_3,0.319713,11.600347,continuous,bar
med_abs_dev,"(2.178284, 13.450038)","[2.4265916763397396e-05, 0.7801671246847797, 2.1782844193520083, 13.450038244185908, 2452.4554838709664]",med_abs_dev_3,0.760586,11.628722,continuous,box
med_abs_dev,"(2.178284, 13.450038)","[2.4265916763397396e-05, 0.7801671246847797, 2.1782844193520083, 13.450038244185908, 2452.4554838709664]",med_abs_dev_3,0.0,11.57977,continuous,histogram
med_abs_dev,"(2.178284, 13.450038)","[2.4265916763397396e-05, 0.7801671246847797, 2.1782844193520083, 13.450038244185908, 2452.4554838709664]",med_abs_dev_3,0.273496,11.597372,continuous,heatmap
avg_abs_dev,"(4.595697, 21.805818)","[0.0016913167480379343, 0.8992536992026909, 4.595696832287696, 21.805817592374737, 2579.856231098791]",avg_abs_dev_3,1.0,11.61011,continuous,line
avg_abs_dev,"(4.595697, 21.805818)","[0.0016913167480379343, 0.8992536992026909, 4.595696832287696, 21.805817592374737, 2579.856231098791]",avg_abs_dev_3,0.941706,11.60657,continuous,scatter
avg_abs_dev,"(4.595697, 21.805818)","[0.0016913167480379343, 0.8992536992026909, 4.595696832287696, 21.805817592374737, 2579.856231098791]",avg_abs_dev_3,0.288326,11.566897,continuous,bar
avg_abs_dev,"(4.595697, 21.805818)","[0.0016913167480379343, 0.8992536992026909, 4.595696832287696, 21.805817592374737, 2579.856231098791]",avg_abs_dev_3,0.796312,11.597742,continuous,box
avg_abs_dev,"(4.595697, 21.805818)","[0.0016913167480379343, 0.8992536992026909, 4.595696832287696, 21.805817592374737, 2579.856231098791]",avg_abs_dev_3,0.0,11.54939,continuous,histogram
avg_abs_dev,"(4.595697, 21.805818)","[0.0016913167480379343, 0.8992536992026909, 4.595696832287696, 21.805817592374737, 2579.856231098791]",avg_abs_dev_3,0.266444,11.565568,continuous,heatmap
quant_coeff_disp,"(0.001787, 0.019906)","[8.880032987873734e-07, 0.0017868509422987698, 0.019905503821228777, 0.3483862898330532]",quant_coeff_disp_2,0.844909,11.657279,continuous,line
quant_coeff_disp,"(0.001787, 0.019906)","[8.880032987873734e-07, 0.0017868509422987698, 0.019905503821228777, 0.3483862898330532]",quant_coeff_disp_2,1.0,11.672348,continuous,scatter
quant_coeff_disp,"(0.001787, 0.019906)","[8.880032987873734e-07, 0.0017868509422987698, 0.019905503821228777, 0.3483862898330532]",quant_coeff_disp_2,0.79741,11.652663,continuous,bar
quant_coeff_disp,"(0.001787, 0.019906)","[8.880032987873734e-07, 0.0017868509422987698, 0.019905503821228777, 0.3483862898330532]",quant_coeff_disp_2,0.920513,11.664624,continuous,box
quant_coeff_disp,"(0.001787, 0.019906)","[8.880032987873734e-07, 0.0017868509422987698, 0.019905503821228777, 0.3483862898330532]",quant_coeff_disp_2,0.0,11.575184,continuous,histogram
quant_coeff_disp,"(0.001787, 0.019906)","[8.880032987873734e-07, 0.0017868509422987698, 0.019905503821228777, 0.3483862898330532]",quant_coeff_disp_2,0.338519,11.608076,continuous,heatmap
moment_6,"(2608316.970645, 44125102529.89933)","[3.7047958857628857e-13, 24.470863465339907, 2608316.9706451613, 44125102529.89933, 1.3190857928921512e+20]",moment_6_3,0.96426,11.605242,continuous,line
moment_6,"(2608316.970645, 44125102529.89933)","[3.7047958857628857e-13, 24.470863465339907, 2608316.9706451613, 44125102529.89933, 1.3190857928921512e+20]",moment_6_3,1.0,11.607262,continuous,scatter
moment_6,"(2608316.970645, 44125102529.89933)","[3.7047958857628857e-13, 24.470863465339907, 2608316.9706451613, 44125102529.89933, 1.3190857928921512e+20]",moment_6_3,0.161637,11.559871,continuous,bar
moment_6,"(2608316.970645, 44125102529.89933)","[3.7047958857628857e-13, 24.470863465339907, 2608316.9706451613, 44125102529.89933, 1.3190857928921512e+20]",moment_6_3,0.708458,11.590782,continuous,box
moment_6,"(2608316.970645, 44125102529.89933)","[3.7047958857628857e-13, 24.470863465339907, 2608316.9706451613, 44125102529.89933, 1.3190857928921512e+20]",moment_6_3,0.0,11.550734,continuous,histogram
moment_6,"(2608316.970645, 44125102529.89933)","[3.7047958857628857e-13, 24.470863465339907, 2608316.9706451613, 44125102529.89933, 1.3190857928921512e+20]",moment_6_3,0.145621,11.558966,continuous,heatmap
moment_8,"(7902707318.585811, 313954491464076.7)","[6.96370545438728e-17, 105.55832996983654, 7902707318.585811, 313954491464076.7, 2.5877225658845137e+24]",moment_8_3,0.910998,11.608457,continuous,line
moment_8,"(7902707318.585811, 313954491464076.7)","[6.96370545438728e-17, 105.55832996983654, 7902707318.585811, 313954491464076.7, 2.5877225658845137e+24]",moment_8_3,1.0,11.613613,continuous,scatter
moment_8,"(7902707318.585811, 313954491464076.7)","[6.96370545438728e-17, 105.55832996983654, 7902707318.585811, 313954491464076.7, 2.5877225658845137e+24]",moment_8_3,0.196759,11.567086,continuous,bar
moment_8,"(7902707318.585811, 313954491464076.7)","[6.96370545438728e-17, 105.55832996983654, 7902707318.585811, 313954491464076.7, 2.5877225658845137e+24]",moment_8_3,0.632604,11.592332,continuous,box
moment_8,"(7902707318.585811, 313954491464076.7)","[6.96370545438728e-17, 105.55832996983654, 7902707318.585811, 313954491464076.7, 2.5877225658845137e+24]",moment_8_3,0.0,11.555689,continuous,histogram
moment_8,"(7902707318.585811, 313954491464076.7)","[6.96370545438728e-17, 105.55832996983654, 7902707318.585811, 313954491464076.7, 2.5877225658845137e+24]",moment_8_3,0.140598,11.563833,continuous,heatmap
moment_10,"(26054988855.494194, 2553332197612500.0)","[9.571977461719663e-21, 0.0940079336397108, 2059.777588441911, 26054988855.494194, 2553332197612500.0, 5.3882306893310606e+26]",moment_10_4,1.0,11.624516,continuous,line
moment_10,"(26054988855.494194, 2553332197612500.0)","[9.571977461719663e-21, 0.0940079336397108, 2059.777588441911, 26054988855.494194, 2553332197612500.0, 5.3882306893310606e+26]",moment_10_4,0.978483,11.623276,continuous,scatter
moment_10,"(26054988855.494194, 2553332197612500.0)","[9.571977461719663e-21, 0.0940079336397108, 2059.777588441911, 26054988855.494194, 2553332197612500.0, 5.3882306893310606e+26]",moment_10_4,0.225183,11.579871,continuous,bar
moment_10,"(26054988855.494194, 2553332197612500.0)","[9.571977461719663e-21, 0.0940079336397108, 2059.777588441911, 26054988855.494194, 2553332197612500.0, 5.3882306893310606e+26]",moment_10_4,0.819807,11.614133,continuous,box
moment_10,"(26054988855.494194, 2553332197612500.0)","[9.571977461719663e-21, 0.0940079336397108, 2059.777588441911, 26054988855.494194, 2553332197612500.0, 5.3882306893310606e+26]",moment_10_4,0.0,11.566896,continuous,histogram
moment_10,"(26054988855.494194, 2553332197612500.0)","[9.571977461719663e-21, 0.0940079336397108, 2059.777588441911, 26054988855.494194, 2553332197612500.0, 5.3882306893310606e+26]",moment_10_4,0.210164,11.579006,continuous,heatmap
lin_space_sequence_coeff,"(1.065748, 1.612823)","[0.18473562403071309, 0.683453381061554, 1.0657484795201209, 1.6128226203303184, 3.0317178572377848, 12.837174805364283]",lin_space_sequence_coeff_3,0.71133,11.685167,continuous,line
lin_space_sequence_coeff,"(1.065748, 1.612823)","[0.18473562403071309, 0.683453381061554, 1.0657484795201209, 1.6128226203303184, 3.0317178572377848, 12.837174805364283]",lin_space_sequence_coeff_3,0.496425,11.665303,continuous,scatter
lin_space_sequence_coeff,"(1.065748, 1.612823)","[0.18473562403071309, 0.683453381061554, 1.0657484795201209, 1.6128226203303184, 3.0317178572377848, 12.837174805364283]",lin_space_sequence_coeff_3,0.385643,11.655064,continuous,bar
lin_space_sequence_coeff,"(1.065748, 1.612823)","[0.18473562403071309, 0.683453381061554, 1.0657484795201209, 1.6128226203303184, 3.0317178572377848, 12.837174805364283]",lin_space_sequence_coeff_3,1.0,11.711848,continuous,box
lin_space_sequence_coeff,"(1.065748, 1.612823)","[0.18473562403071309, 0.683453381061554, 1.0657484795201209, 1.6128226203303184, 3.0317178572377848, 12.837174805364283]",lin_space_sequence_coeff_3,0.0,11.619419,continuous,histogram
lin_space_sequence_coeff,"(1.065748, 1.612823)","[0.18473562403071309, 0.683453381061554, 1.0657484795201209, 1.6128226203303184, 3.0317178572377848, 12.837174805364283]",lin_space_sequence_coeff_3,0.02778,11.621987,continuous,heatmap
normalized_mean,"(0.6351, 0.778461)","[0.12335866319556389, 0.4055944875219176, 0.5259337732099718, 0.6351002664527585, 0.7784608491774527, 0.9896777660615983]",normalized_mean_4,0.789453,11.647202,continuous,line
normalized_mean,"(0.6351, 0.778461)","[0.12335866319556389, 0.4055944875219176, 0.5259337732099718, 0.6351002664527585, 0.7784608491774527, 0.9896777660615983]",normalized_mean_4,0.9456,11.659964,continuous,scatter
normalized_mean,"(0.6351, 0.778461)","[0.12335866319556389, 0.4055944875219176, 0.5259337732099718, 0.6351002664527585, 0.7784608491774527, 0.9896777660615983]",normalized_mean_4,0.496808,11.623284,continuous,bar
normalized_mean,"(0.6351, 0.778461)","[0.12335866319556389, 0.4055944875219176, 0.5259337732099718, 0.6351002664527585, 0.7784608491774527, 0.9896777660615983]",normalized_mean_4,1.0,11.66441,continuous,box
normalized_mean,"(0.6351, 0.778461)","[0.12335866319556389, 0.4055944875219176, 0.5259337732099718, 0.6351002664527585, 0.7784608491774527, 0.9896777660615983]",normalized_mean_4,0.0,11.582681,continuous,histogram
normalized_mean,"(0.6351, 0.778461)","[0.12335866319556389, 0.4055944875219176, 0.5259337732099718, 0.6351002664527585, 0.7784608491774527, 0.9896777660615983]",normalized_mean_4,0.126401,11.593012,continuous,heatmap
normalized_median,"(0.650436, 0.835258)","[0.0006439799570568626, 0.34516593635082243, 0.5100700477919271, 0.6504355974735753, 0.8352578886189768, 0.9933362595496638]",normalized_median_4,0.745963,11.649771,continuous,line
normalized_median,"(0.650436, 0.835258)","[0.0006439799570568626, 0.34516593635082243, 0.5100700477919271, 0.6504355974735753, 0.8352578886189768, 0.9933362595496638]",normalized_median_4,0.842404,11.657693,continuous,scatter
normalized_median,"(0.650436, 0.835258)","[0.0006439799570568626, 0.34516593635082243, 0.5100700477919271, 0.6504355974735753, 0.8352578886189768, 0.9933362595496638]",normalized_median_4,0.376898,11.619452,continuous,bar
normalized_median,"(0.650436, 0.835258)","[0.0006439799570568626, 0.34516593635082243, 0.5100700477919271, 0.6504355974735753, 0.8352578886189768, 0.9933362595496638]",normalized_median_4,1.0,11.67064,continuous,box
normalized_median,"(0.650436, 0.835258)","[0.0006439799570568626, 0.34516593635082243, 0.5100700477919271, 0.6504355974735753, 0.8352578886189768, 0.9933362595496638]",normalized_median_4,0.0,11.58849,continuous,histogram
normalized_median,"(0.650436, 0.835258)","[0.0006439799570568626, 0.34516593635082243, 0.5100700477919271, 0.6504355974735753, 0.8352578886189768, 0.9933362595496638]",normalized_median_4,0.044928,11.592181,continuous,heatmap
moment_5,"(6066.188036, 602660358950995.5)","[-1201.2660502772187, -5.1192298600893e-08, 0.3554970558420264, 6066.188035534273, 602660358950995.5]",moment_5_4,0.681988,11.603411,continuous,line
moment_5,"(6066.188036, 602660358950995.5)","[-1201.2660502772187, -5.1192298600893e-08, 0.3554970558420264, 6066.188035534273, 602660358950995.5]",moment_5_4,0.613398,11.600124,continuous,scatter
moment_5,"(6066.188036, 602660358950995.5)","[-1201.2660502772187, -5.1192298600893e-08, 0.3554970558420264, 6066.188035534273, 602660358950995.5]",moment_5_4,0.457699,11.592662,continuous,bar
moment_5,"(6066.188036, 602660358950995.5)","[-1201.2660502772187, -5.1192298600893e-08, 0.3554970558420264, 6066.188035534273, 602660358950995.5]",moment_5_4,1.0,11.618652,continuous,box
moment_5,"(6066.188036, 602660358950995.5)","[-1201.2660502772187, -5.1192298600893e-08, 0.3554970558420264, 6066.188035534273, 602660358950995.5]",moment_5_4,0.0,11.570726,continuous,histogram
moment_5,"(6066.188036, 602660358950995.5)","[-1201.2660502772187, -5.1192298600893e-08, 0.3554970558420264, 6066.188035534273, 602660358950995.5]",moment_5_4,0.16492,11.57863,continuous,heatmap
moment_9,"(15399884.174839, 7.281524997937811e+17)","[-1401645.8064516135, -8.465492734351432e-15, 0.8167481387046068, 15399884.174838709, 7.281524997937811e+17]",moment_9_4,0.678546,11.60475,continuous,line
moment_9,"(15399884.174839, 7.281524997937811e+17)","[-1401645.8064516135, -8.465492734351432e-15, 0.8167481387046068, 15399884.174838709, 7.281524997937811e+17]",moment_9_4,0.705251,11.606041,continuous,scatter
moment_9,"(15399884.174839, 7.281524997937811e+17)","[-1401645.8064516135, -8.465492734351432e-15, 0.8167481387046068, 15399884.174838709, 7.281524997937811e+17]",moment_9_4,0.212813,11.582232,continuous,bar
moment_9,"(15399884.174839, 7.281524997937811e+17)","[-1401645.8064516135, -8.465492734351432e-15, 0.8167481387046068, 15399884.174838709, 7.281524997937811e+17]",moment_9_4,1.0,11.620292,continuous,box
moment_9,"(15399884.174839, 7.281524997937811e+17)","[-1401645.8064516135, -8.465492734351432e-15, 0.8167481387046068, 15399884.174838709, 7.281524997937811e+17]",moment_9_4,0.019439,11.572882,continuous,histogram
moment_9,"(15399884.174839, 7.281524997937811e+17)","[-1401645.8064516135, -8.465492734351432e-15, 0.8167481387046068, 15399884.174838709, 7.281524997937811e+17]",moment_9_4,0.0,11.571942,continuous,heatmap
percent_outliers_3iqr,"(0.713489, 0.80546)","[0.3299883709799859, 0.7134887467661212, 0.8054596785576114, 0.9000023295802454, 0.9631309172030418, 0.9775492457612869]",percent_outliers_3iqr_2,0.729251,11.672328,continuous,line
percent_outliers_3iqr,"(0.713489, 0.80546)","[0.3299883709799859, 0.7134887467661212, 0.8054596785576114, 0.9000023295802454, 0.9631309172030418, 0.9775492457612869]",percent_outliers_3iqr_2,1.0,11.704087,continuous,scatter
percent_outliers_3iqr,"(0.713489, 0.80546)","[0.3299883709799859, 0.7134887467661212, 0.8054596785576114, 0.9000023295802454, 0.9631309172030418, 0.9775492457612869]",percent_outliers_3iqr_2,0.84326,11.685701,continuous,bar
percent_outliers_3iqr,"(0.713489, 0.80546)","[0.3299883709799859, 0.7134887467661212, 0.8054596785576114, 0.9000023295802454, 0.9631309172030418, 0.9775492457612869]",percent_outliers_3iqr_2,0.641972,11.66209,continuous,box
percent_outliers_3iqr,"(0.713489, 0.80546)","[0.3299883709799859, 0.7134887467661212, 0.8054596785576114, 0.9000023295802454, 0.9631309172030418, 0.9775492457612869]",percent_outliers_3iqr_2,0.0,11.586787,continuous,histogram
percent_outliers_3iqr,"(0.713489, 0.80546)","[0.3299883709799859, 0.7134887467661212, 0.8054596785576114, 0.9000023295802454, 0.9631309172030418, 0.9775492457612869]",percent_outliers_3iqr_2,0.338456,11.626488,continuous,heatmap
sortedness,"(0.083632, 0.419984)","[0.08363238902341935, 0.4199840410918959, 0.7945867153906054]",sortedness_1,0.434504,11.696296,continuous,line
sortedness,"(0.083632, 0.419984)","[0.08363238902341935, 0.4199840410918959, 0.7945867153906054]",sortedness_1,0.264677,11.68077,continuous,scatter
sortedness,"(0.083632, 0.419984)","[0.08363238902341935, 0.4199840410918959, 0.7945867153906054]",sortedness_1,0.200353,11.67489,continuous,bar
sortedness,"(0.083632, 0.419984)","[0.08363238902341935, 0.4199840410918959, 0.7945867153906054]",sortedness_1,1.0,11.747993,continuous,box
sortedness,"(0.083632, 0.419984)","[0.08363238902341935, 0.4199840410918959, 0.7945867153906054]",sortedness_1,0.0,11.656573,continuous,histogram
sortedness,"(0.083632, 0.419984)","[0.08363238902341935, 0.4199840410918959, 0.7945867153906054]",sortedness_1,0.072225,11.663176,continuous,heatmap
percent_outliers_3iqr,"(0.963131, 0.977549)","[0.3299883709799859, 0.7134887467661212, 0.8054596785576114, 0.9000023295802454, 0.9631309172030418, 0.9775492457612869]",percent_outliers_3iqr_5,1.0,11.670434,continuous,line
percent_outliers_3iqr,"(0.963131, 0.977549)","[0.3299883709799859, 0.7134887467661212, 0.8054596785576114, 0.9000023295802454, 0.9631309172030418, 0.9775492457612869]",percent_outliers_3iqr_5,0.893831,11.658364,continuous,scatter
percent_outliers_3iqr,"(0.963131, 0.977549)","[0.3299883709799859, 0.7134887467661212, 0.8054596785576114, 0.9000023295802454, 0.9631309172030418, 0.9775492457612869]",percent_outliers_3iqr_5,0.0,11.55675,continuous,bar
percent_outliers_3iqr,"(0.963131, 0.977549)","[0.3299883709799859, 0.7134887467661212, 0.8054596785576114, 0.9000023295802454, 0.9631309172030418, 0.9775492457612869]",percent_outliers_3iqr_5,0.63033,11.628408,continuous,box
percent_outliers_3iqr,"(0.963131, 0.977549)","[0.3299883709799859, 0.7134887467661212, 0.8054596785576114, 0.9000023295802454, 0.9631309172030418, 0.9775492457612869]",percent_outliers_3iqr_5,0.620394,11.627279,continuous,histogram
percent_outliers_3iqr,"(0.963131, 0.977549)","[0.3299883709799859, 0.7134887467661212, 0.8054596785576114, 0.9000023295802454, 0.9631309172030418, 0.9775492457612869]",percent_outliers_3iqr_5,0.638948,11.629388,continuous,heatmap
normalized_median,"(0.51007, 0.650436)","[0.0006439799570568626, 0.34516593635082243, 0.5100700477919271, 0.6504355974735753, 0.8352578886189768, 0.9933362595496638]",normalized_median_3,0.792988,11.64957,continuous,line
normalized_median,"(0.51007, 0.650436)","[0.0006439799570568626, 0.34516593635082243, 0.5100700477919271, 0.6504355974735753, 0.8352578886189768, 0.9933362595496638]",normalized_median_3,1.0,11.670409,continuous,scatter
normalized_median,"(0.51007, 0.650436)","[0.0006439799570568626, 0.34516593635082243, 0.5100700477919271, 0.6504355974735753, 0.8352578886189768, 0.9933362595496638]",normalized_median_3,0.42753,11.61278,continuous,bar
normalized_median,"(0.51007, 0.650436)","[0.0006439799570568626, 0.34516593635082243, 0.5100700477919271, 0.6504355974735753, 0.8352578886189768, 0.9933362595496638]",normalized_median_3,0.588033,11.628937,continuous,box
normalized_median,"(0.51007, 0.650436)","[0.0006439799570568626, 0.34516593635082243, 0.5100700477919271, 0.6504355974735753, 0.8352578886189768, 0.9933362595496638]",normalized_median_3,0.0,11.569742,continuous,histogram
normalized_median,"(0.51007, 0.650436)","[0.0006439799570568626, 0.34516593635082243, 0.5100700477919271, 0.6504355974735753, 0.8352578886189768, 0.9933362595496638]",normalized_median_3,0.294441,11.599383,continuous,heatmap
moment_5,"(-1201.26605, -0.0)","[-1201.2660502772187, -5.1192298600893e-08, 0.3554970558420264, 6066.188035534273, 602660358950995.5]",moment_5_1,0.850888,11.599865,continuous,line
moment_5,"(-1201.26605, -0.0)","[-1201.2660502772187, -5.1192298600893e-08, 0.3554970558420264, 6066.188035534273, 602660358950995.5]",moment_5_1,0.953669,11.607652,continuous,scatter
moment_5,"(-1201.26605, -0.0)","[-1201.2660502772187, -5.1192298600893e-08, 0.3554970558420264, 6066.188035534273, 602660358950995.5]",moment_5_1,0.0,11.535403,continuous,bar
moment_5,"(-1201.26605, -0.0)","[-1201.2660502772187, -5.1192298600893e-08, 0.3554970558420264, 6066.188035534273, 602660358950995.5]",moment_5_1,1.0,11.611162,continuous,box
moment_5,"(-1201.26605, -0.0)","[-1201.2660502772187, -5.1192298600893e-08, 0.3554970558420264, 6066.188035534273, 602660358950995.5]",moment_5_1,0.341219,11.561254,continuous,histogram
moment_5,"(-1201.26605, -0.0)","[-1201.2660502772187, -5.1192298600893e-08, 0.3554970558420264, 6066.188035534273, 602660358950995.5]",moment_5_1,0.220266,11.55209,continuous,heatmap
moment_7,"(-8080.493866, -0.0)","[-8080.4938661637225, -1.1803249820933025e-29, 0.03544333368539812, 35631.60671685985, 2.9994971860657484e+19]",moment_7_1,0.917259,11.603522,continuous,line
moment_7,"(-8080.493866, -0.0)","[-8080.4938661637225, -1.1803249820933025e-29, 0.03544333368539812, 35631.60671685985, 2.9994971860657484e+19]",moment_7_1,1.0,11.609966,continuous,scatter
moment_7,"(-8080.493866, -0.0)","[-8080.4938661637225, -1.1803249820933025e-29, 0.03544333368539812, 35631.60671685985, 2.9994971860657484e+19]",moment_7_1,0.0,11.532087,continuous,bar
moment_7,"(-8080.493866, -0.0)","[-8080.4938661637225, -1.1803249820933025e-29, 0.03544333368539812, 35631.60671685985, 2.9994971860657484e+19]",moment_7_1,0.965957,11.607314,continuous,box
moment_7,"(-8080.493866, -0.0)","[-8080.4938661637225, -1.1803249820933025e-29, 0.03544333368539812, 35631.60671685985, 2.9994971860657484e+19]",moment_7_1,0.361907,11.560272,continuous,histogram
moment_7,"(-8080.493866, -0.0)","[-8080.4938661637225, -1.1803249820933025e-29, 0.03544333368539812, 35631.60671685985, 2.9994971860657484e+19]",moment_7_1,0.222637,11.549425,continuous,heatmap
moment_9,"(-1401645.806452, -0.0)","[-1401645.8064516135, -8.465492734351432e-15, 0.8167481387046068, 15399884.174838709, 7.281524997937811e+17]",moment_9_1,0.863372,11.607553,continuous,line
moment_9,"(-1401645.806452, -0.0)","[-1401645.8064516135, -8.465492734351432e-15, 0.8167481387046068, 15399884.174838709, 7.281524997937811e+17]",moment_9_1,1.0,11.618197,continuous,scatter
moment_9,"(-1401645.806452, -0.0)","[-1401645.8064516135, -8.465492734351432e-15, 0.8167481387046068, 15399884.174838709, 7.281524997937811e+17]",moment_9_1,0.0,11.540288,continuous,bar
moment_9,"(-1401645.806452, -0.0)","[-1401645.8064516135, -8.465492734351432e-15, 0.8167481387046068, 15399884.174838709, 7.281524997937811e+17]",moment_9_1,0.95452,11.614654,continuous,box
moment_9,"(-1401645.806452, -0.0)","[-1401645.8064516135, -8.465492734351432e-15, 0.8167481387046068, 15399884.174838709, 7.281524997937811e+17]",moment_9_1,0.380413,11.569926,continuous,histogram
moment_9,"(-1401645.806452, -0.0)","[-1401645.8064516135, -8.465492734351432e-15, 0.8167481387046068, 15399884.174838709, 7.281524997937811e+17]",moment_9_1,0.240596,11.559033,continuous,heatmap
percent_outliers_15iqr,"(0.90858, 0.959626)","[0.7048739443479046, 0.9085796858033824, 0.9596259197881145, 0.9843483797965511]",percent_outliers_15iqr_2,1.0,11.70182,continuous,line
percent_outliers_15iqr,"(0.90858, 0.959626)","[0.7048739443479046, 0.9085796858033824, 0.9596259197881145, 0.9843483797965511]",percent_outliers_15iqr_2,0.667417,11.676215,continuous,scatter
percent_outliers_15iqr,"(0.90858, 0.959626)","[0.7048739443479046, 0.9085796858033824, 0.9596259197881145, 0.9843483797965511]",percent_outliers_15iqr_2,0.206336,11.640716,continuous,bar
percent_outliers_15iqr,"(0.90858, 0.959626)","[0.7048739443479046, 0.9085796858033824, 0.9596259197881145, 0.9843483797965511]",percent_outliers_15iqr_2,0.942604,11.697401,continuous,box
percent_outliers_15iqr,"(0.90858, 0.959626)","[0.7048739443479046, 0.9085796858033824, 0.9596259197881145, 0.9843483797965511]",percent_outliers_15iqr_2,0.0,11.62483,continuous,histogram
percent_outliers_15iqr,"(0.90858, 0.959626)","[0.7048739443479046, 0.9085796858033824, 0.9596259197881145, 0.9843483797965511]",percent_outliers_15iqr_2,0.191051,11.639539,continuous,heatmap
percent_outliers_3iqr,"(0.900002, 0.963131)","[0.3299883709799859, 0.7134887467661212, 0.8054596785576114, 0.9000023295802454, 0.9631309172030418, 0.9775492457612869]",percent_outliers_3iqr_4,1.0,11.710076,continuous,line
percent_outliers_3iqr,"(0.900002, 0.963131)","[0.3299883709799859, 0.7134887467661212, 0.8054596785576114, 0.9000023295802454, 0.9631309172030418, 0.9775492457612869]",percent_outliers_3iqr_4,0.589478,11.678849,continuous,scatter
percent_outliers_3iqr,"(0.900002, 0.963131)","[0.3299883709799859, 0.7134887467661212, 0.8054596785576114, 0.9000023295802454, 0.9631309172030418, 0.9775492457612869]",percent_outliers_3iqr_4,0.0,11.63401,continuous,bar
percent_outliers_3iqr,"(0.900002, 0.963131)","[0.3299883709799859, 0.7134887467661212, 0.8054596785576114, 0.9000023295802454, 0.9631309172030418, 0.9775492457612869]",percent_outliers_3iqr_4,0.949574,11.70624,continuous,box
percent_outliers_3iqr,"(0.900002, 0.963131)","[0.3299883709799859, 0.7134887467661212, 0.8054596785576114, 0.9000023295802454, 0.9631309172030418, 0.9775492457612869]",percent_outliers_3iqr_4,0.162764,11.64639,continuous,histogram
percent_outliers_3iqr,"(0.900002, 0.963131)","[0.3299883709799859, 0.7134887467661212, 0.8054596785576114, 0.9000023295802454, 0.9631309172030418, 0.9775492457612869]",percent_outliers_3iqr_4,0.218048,11.650596,continuous,heatmap
q25,"(2.486012, 17.98922)","[0.00383262092795884, 0.993269883817242, 2.486012015035075, 17.989219874720412, 2000.9977107878653]",q25_3,0.756623,11.665566,continuous,line
q25,"(2.486012, 17.98922)","[0.00383262092795884, 0.993269883817242, 2.486012015035075, 17.989219874720412, 2000.9977107878653]",q25_3,0.926727,11.677766,continuous,scatter
q25,"(2.486012, 17.98922)","[0.00383262092795884, 0.993269883817242, 2.486012015035075, 17.989219874720412, 2000.9977107878653]",q25_3,0.517135,11.64839,continuous,bar
q25,"(2.486012, 17.98922)","[0.00383262092795884, 0.993269883817242, 2.486012015035075, 17.989219874720412, 2000.9977107878653]",q25_3,1.0,11.683021,continuous,box
q25,"(2.486012, 17.98922)","[0.00383262092795884, 0.993269883817242, 2.486012015035075, 17.989219874720412, 2000.9977107878653]",q25_3,0.0,11.611301,continuous,histogram
q25,"(2.486012, 17.98922)","[0.00383262092795884, 0.993269883817242, 2.486012015035075, 17.989219874720412, 2000.9977107878653]",q25_3,0.106359,11.618929,continuous,heatmap
q75,"(1.658586, 18.232133)","[0.007131026095875928, 1.65858569099057, 18.23213297659351, 2009.0132802261844]",q75_2,0.74684,11.680735,continuous,line
q75,"(1.658586, 18.232133)","[0.007131026095875928, 1.65858569099057, 18.23213297659351, 2009.0132802261844]",q75_2,1.0,11.697772,continuous,scatter
q75,"(1.658586, 18.232133)","[0.007131026095875928, 1.65858569099057, 18.23213297659351, 2009.0132802261844]",q75_2,0.464767,11.661752,continuous,bar
q75,"(1.658586, 18.232133)","[0.007131026095875928, 1.65858569099057, 18.23213297659351, 2009.0132802261844]",q75_2,0.920966,11.692453,continuous,box
q75,"(1.658586, 18.232133)","[0.007131026095875928, 1.65858569099057, 18.23213297659351, 2009.0132802261844]",q75_2,0.0,11.630474,continuous,histogram
q75,"(1.658586, 18.232133)","[0.007131026095875928, 1.65858569099057, 18.23213297659351, 2009.0132802261844]",q75_2,0.100556,11.637242,continuous,heatmap
mean,"(4.191202, 31.850278)","[0.19169357286826255, 4.191202395962129, 31.850277947456604, 281.8860048355595, 8262.562250976542]",mean_2,0.850688,11.664498,continuous,line
mean,"(4.191202, 31.850278)","[0.19169357286826255, 4.191202395962129, 31.850277947456604, 281.8860048355595, 8262.562250976542]",mean_2,1.0,11.674826,continuous,scatter
mean,"(4.191202, 31.850278)","[0.19169357286826255, 4.191202395962129, 31.850277947456604, 281.8860048355595, 8262.562250976542]",mean_2,0.533608,11.642565,continuous,bar
mean,"(4.191202, 31.850278)","[0.19169357286826255, 4.191202395962129, 31.850277947456604, 281.8860048355595, 8262.562250976542]",mean_2,0.912159,11.66875,continuous,box
mean,"(4.191202, 31.850278)","[0.19169357286826255, 4.191202395962129, 31.850277947456604, 281.8860048355595, 8262.562250976542]",mean_2,0.0,11.605654,continuous,histogram
mean,"(4.191202, 31.850278)","[0.19169357286826255, 4.191202395962129, 31.850277947456604, 281.8860048355595, 8262.562250976542]",mean_2,0.282108,11.625168,continuous,heatmap
max,"(5.469374, 19.999879)","[1.3695104261367552, 5.469374160151327, 19.999878525272493, 56.596889114379884, 639.0702552057083, 26214.49350302417]",max_2,0.951464,11.640388,continuous,line
max,"(5.469374, 19.999879)","[1.3695104261367552, 5.469374160151327, 19.999878525272493, 56.596889114379884, 639.0702552057083, 26214.49350302417]",max_2,1.0,11.643058,continuous,scatter
max,"(5.469374, 19.999879)","[1.3695104261367552, 5.469374160151327, 19.999878525272493, 56.596889114379884, 639.0702552057083, 26214.49350302417]",max_2,0.517098,11.616492,continuous,bar
max,"(5.469374, 19.999879)","[1.3695104261367552, 5.469374160151327, 19.999878525272493, 56.596889114379884, 639.0702552057083, 26214.49350302417]",max_2,0.976219,11.641749,continuous,box
max,"(5.469374, 19.999879)","[1.3695104261367552, 5.469374160151327, 19.999878525272493, 56.596889114379884, 639.0702552057083, 26214.49350302417]",max_2,0.0,11.588044,continuous,histogram
max,"(5.469374, 19.999879)","[1.3695104261367552, 5.469374160151327, 19.999878525272493, 56.596889114379884, 639.0702552057083, 26214.49350302417]",max_2,0.245003,11.601523,continuous,heatmap
gini,"(0.266161, 0.381471)","[0.00395054218449419, 0.09158154010772704, 0.17946683315019454, 0.2661612808704376, 0.381471216414244, 0.5444116135758735]",gini_4,0.912391,11.678491,continuous,line
gini,"(0.266161, 0.381471)","[0.00395054218449419, 0.09158154010772704, 0.17946683315019454, 0.2661612808704376, 0.381471216414244, 0.5444116135758735]",gini_4,1.0,11.687382,continuous,scatter
gini,"(0.266161, 0.381471)","[0.00395054218449419, 0.09158154010772704, 0.17946683315019454, 0.2661612808704376, 0.381471216414244, 0.5444116135758735]",gini_4,0.215517,11.60777,continuous,bar
gini,"(0.266161, 0.381471)","[0.00395054218449419, 0.09158154010772704, 0.17946683315019454, 0.2661612808704376, 0.381471216414244, 0.5444116135758735]",gini_4,0.28578,11.614901,continuous,box
gini,"(0.266161, 0.381471)","[0.00395054218449419, 0.09158154010772704, 0.17946683315019454, 0.2661612808704376, 0.381471216414244, 0.5444116135758735]",gini_4,0.0,11.585899,continuous,histogram
gini,"(0.266161, 0.381471)","[0.00395054218449419, 0.09158154010772704, 0.17946683315019454, 0.2661612808704376, 0.381471216414244, 0.5444116135758735]",gini_4,0.427297,11.629262,continuous,heatmap
kurtosis,"(-1.19098, -0.838757)","[-1.484341488230613, -1.1909797564629585, -0.8387569783387647, -0.17026565258541418, 1.5766148755627292, 12.258251583653113]",kurtosis_2,0.8516,11.69475,continuous,line
kurtosis,"(-1.19098, -0.838757)","[-1.484341488230613, -1.1909797564629585, -0.8387569783387647, -0.17026565258541418, 1.5766148755627292, 12.258251583653113]",kurtosis_2,1.0,11.710032,continuous,scatter
kurtosis,"(-1.19098, -0.838757)","[-1.484341488230613, -1.1909797564629585, -0.8387569783387647, -0.17026565258541418, 1.5766148755627292, 12.258251583653113]",kurtosis_2,0.360287,11.644154,continuous,bar
kurtosis,"(-1.19098, -0.838757)","[-1.484341488230613, -1.1909797564629585, -0.8387569783387647, -0.17026565258541418, 1.5766148755627292, 12.258251583653113]",kurtosis_2,0.781146,11.687495,continuous,box
kurtosis,"(-1.19098, -0.838757)","[-1.484341488230613, -1.1909797564629585, -0.8387569783387647, -0.17026565258541418, 1.5766148755627292, 12.258251583653113]",kurtosis_2,0.0,11.607052,continuous,histogram
kurtosis,"(-1.19098, -0.838757)","[-1.484341488230613, -1.1909797564629585, -0.8387569783387647, -0.17026565258541418, 1.5766148755627292, 12.258251583653113]",kurtosis_2,0.226996,11.630428,continuous,heatmap
normalized_range,"(1.784245, 2.660475)","[0.023459269971616813, 0.4650886678887952, 1.0605909924353323, 1.7842451153262968, 2.6604745115772372, 21.228070812840613]",normalized_range_4,1.0,11.657078,continuous,line
normalized_range,"(1.784245, 2.660475)","[0.023459269971616813, 0.4650886678887952, 1.0605909924353323, 1.7842451153262968, 2.6604745115772372, 21.228070812840613]",normalized_range_4,0.996199,11.65671,continuous,scatter
normalized_range,"(1.784245, 2.660475)","[0.023459269971616813, 0.4650886678887952, 1.0605909924353323, 1.7842451153262968, 2.6604745115772372, 21.228070812840613]",normalized_range_4,0.354302,11.594487,continuous,bar
normalized_range,"(1.784245, 2.660475)","[0.023459269971616813, 0.4650886678887952, 1.0605909924353323, 1.7842451153262968, 2.6604745115772372, 21.228070812840613]",normalized_range_4,0.35768,11.594815,continuous,box
normalized_range,"(1.784245, 2.660475)","[0.023459269971616813, 0.4650886678887952, 1.0605909924353323, 1.7842451153262968, 2.6604745115772372, 21.228070812840613]",normalized_range_4,0.0,11.560143,continuous,histogram
normalized_range,"(1.784245, 2.660475)","[0.023459269971616813, 0.4650886678887952, 1.0605909924353323, 1.7842451153262968, 2.6604745115772372, 21.228070812840613]",normalized_range_4,0.455763,11.604323,continuous,heatmap
max,"(-inf, 1.36951)","[1.3695104261367552, 5.469374160151327, 19.999878525272493, 56.596889114379884, 639.0702552057083, 26214.49350302417]",max_0,1.0,11.621067,continuous,line
max,"(-inf, 1.36951)","[1.3695104261367552, 5.469374160151327, 19.999878525272493, 56.596889114379884, 639.0702552057083, 26214.49350302417]",max_0,0.859865,11.608378,continuous,scatter
max,"(-inf, 1.36951)","[1.3695104261367552, 5.469374160151327, 19.999878525272493, 56.596889114379884, 639.0702552057083, 26214.49350302417]",max_0,0.125668,11.541894,continuous,bar
max,"(-inf, 1.36951)","[1.3695104261367552, 5.469374160151327, 19.999878525272493, 56.596889114379884, 639.0702552057083, 26214.49350302417]",max_0,0.357667,11.562902,continuous,box
max,"(-inf, 1.36951)","[1.3695104261367552, 5.469374160151327, 19.999878525272493, 56.596889114379884, 639.0702552057083, 26214.49350302417]",max_0,0.0,11.530514,continuous,histogram
max,"(-inf, 1.36951)","[1.3695104261367552, 5.469374160151327, 19.999878525272493, 56.596889114379884, 639.0702552057083, 26214.49350302417]",max_0,0.006021,11.531059,continuous,heatmap
kurtosis,"(-0.838757, -0.170266)","[-1.484341488230613, -1.1909797564629585, -0.8387569783387647, -0.17026565258541418, 1.5766148755627292, 12.258251583653113]",kurtosis_3,0.629266,11.674281,continuous,line
kurtosis,"(-0.838757, -0.170266)","[-1.484341488230613, -1.1909797564629585, -0.8387569783387647, -0.17026565258541418, 1.5766148755627292, 12.258251583653113]",kurtosis_3,0.587588,11.67017,continuous,scatter
kurtosis,"(-0.838757, -0.170266)","[-1.484341488230613, -1.1909797564629585, -0.8387569783387647, -0.17026565258541418, 1.5766148755627292, 12.258251583653113]",kurtosis_3,0.250415,11.636914,continuous,bar
kurtosis,"(-0.838757, -0.170266)","[-1.484341488230613, -1.1909797564629585, -0.8387569783387647, -0.17026565258541418, 1.5766148755627292, 12.258251583653113]",kurtosis_3,1.0,11.710848,continuous,box
kurtosis,"(-0.838757, -0.170266)","[-1.484341488230613, -1.1909797564629585, -0.8387569783387647, -0.17026565258541418, 1.5766148755627292, 12.258251583653113]",kurtosis_3,0.112183,11.62328,continuous,histogram
kurtosis,"(-0.838757, -0.170266)","[-1.484341488230613, -1.1909797564629585, -0.8387569783387647, -0.17026565258541418, 1.5766148755627292, 12.258251583653113]",kurtosis_3,0.0,11.612215,continuous,heatmap
normality_statistic,"(2.442098, 11.224123)","[2.4420980342741934, 11.224123300121676, 40.29032087326056, 278.8104670961443, 2755.4830602633538]",normality_statistic_1,0.983797,11.689074,continuous,line
normality_statistic,"(2.442098, 11.224123)","[2.4420980342741934, 11.224123300121676, 40.29032087326056, 278.8104670961443, 2755.4830602633538]",normality_statistic_1,0.6556,11.664754,continuous,scatter
normality_statistic,"(2.442098, 11.224123)","[2.4420980342741934, 11.224123300121676, 40.29032087326056, 278.8104670961443, 2755.4830602633538]",normality_statistic_1,0.316083,11.639595,continuous,bar
normality_statistic,"(2.442098, 11.224123)","[2.4420980342741934, 11.224123300121676, 40.29032087326056, 278.8104670961443, 2755.4830602633538]",normality_statistic_1,1.0,11.690275,continuous,box
normality_statistic,"(2.442098, 11.224123)","[2.4420980342741934, 11.224123300121676, 40.29032087326056, 278.8104670961443, 2755.4830602633538]",normality_statistic_1,0.0,11.616173,continuous,histogram
normality_statistic,"(2.442098, 11.224123)","[2.4420980342741934, 11.224123300121676, 40.29032087326056, 278.8104670961443, 2755.4830602633538]",normality_statistic_1,0.133922,11.626097,continuous,heatmap
normality_p,"(0.112182, 0.590959)","[1.414449563859021e-12, 0.00044312036605626947, 0.11218227241308461, 0.5909588890883231]",normality_p_3,1.0,11.65026,continuous,line
normality_p,"(0.112182, 0.590959)","[1.414449563859021e-12, 0.00044312036605626947, 0.11218227241308461, 0.5909588890883231]",normality_p_3,0.960417,11.647247,continuous,scatter
normality_p,"(0.112182, 0.590959)","[1.414449563859021e-12, 0.00044312036605626947, 0.11218227241308461, 0.5909588890883231]",normality_p_3,0.660773,11.624441,continuous,bar
normality_p,"(0.112182, 0.590959)","[1.414449563859021e-12, 0.00044312036605626947, 0.11218227241308461, 0.5909588890883231]",normality_p_3,0.965541,11.647637,continuous,box
normality_p,"(0.112182, 0.590959)","[1.414449563859021e-12, 0.00044312036605626947, 0.11218227241308461, 0.5909588890883231]",normality_p_3,0.0,11.574148,continuous,histogram
normality_p,"(0.112182, 0.590959)","[1.414449563859021e-12, 0.00044312036605626947, 0.11218227241308461, 0.5909588890883231]",normality_p_3,0.201343,11.589473,continuous,heatmap
log_space_sequence_coeff,"(0.1007, 0.199518)","[0.004471472915141813, 0.03045050866541362, 0.10070002636121164, 0.19951813624751186, 0.528290071314381]",log_space_sequence_coeff_3,0.882449,11.67983,continuous,line
log_space_sequence_coeff,"(0.1007, 0.199518)","[0.004471472915141813, 0.03045050866541362, 0.10070002636121164, 0.19951813624751186, 0.528290071314381]",log_space_sequence_coeff_3,1.0,11.691401,continuous,scatter
log_space_sequence_coeff,"(0.1007, 0.199518)","[0.004471472915141813, 0.03045050866541362, 0.10070002636121164, 0.19951813624751186, 0.528290071314381]",log_space_sequence_coeff_3,0.777388,11.669489,continuous,bar
log_space_sequence_coeff,"(0.1007, 0.199518)","[0.004471472915141813, 0.03045050866541362, 0.10070002636121164, 0.19951813624751186, 0.528290071314381]",log_space_sequence_coeff_3,0.747041,11.666502,continuous,box
log_space_sequence_coeff,"(0.1007, 0.199518)","[0.004471472915141813, 0.03045050866541362, 0.10070002636121164, 0.19951813624751186, 0.528290071314381]",log_space_sequence_coeff_3,0.0,11.592968,continuous,histogram
log_space_sequence_coeff,"(0.1007, 0.199518)","[0.004471472915141813, 0.03045050866541362, 0.10070002636121164, 0.19951813624751186, 0.528290071314381]",log_space_sequence_coeff_3,0.403092,11.632646,continuous,heatmap
data_type,time,N/A,time,0.811393,11.704526,categorical,line
data_type,time,N/A,time,1.0,11.72472,categorical,scatter
data_type,time,N/A,time,0.705734,11.693214,categorical,bar
data_type,time,N/A,time,0.569873,11.678667,categorical,box
data_type,time,N/A,time,0.0,11.617652,categorical,histogram
data_type,time,N/A,time,0.776887,11.700832,categorical,heatmap
general_type,t,N/A,t,0.74173,11.689869,categorical,line
general_type,t,N/A,t,1.0,11.720527,categorical,scatter
general_type,t,N/A,t,0.694642,11.684279,categorical,bar
general_type,t,N/A,t,0.500913,11.661282,categorical,box
general_type,t,N/A,t,0.0,11.60182,categorical,histogram
general_type,t,N/A,t,0.774765,11.69379,categorical,heatmap
normality_statistic,"(-inf, 2.442098)","[2.4420980342741934, 11.224123300121676, 40.29032087326056, 278.8104670961443, 2755.4830602633538]",normality_statistic_0,0.82859,11.659002,continuous,line
normality_statistic,"(-inf, 2.442098)","[2.4420980342741934, 11.224123300121676, 40.29032087326056, 278.8104670961443, 2755.4830602633538]",normality_statistic_0,1.0,11.674477,continuous,scatter
normality_statistic,"(-inf, 2.442098)","[2.4420980342741934, 11.224123300121676, 40.29032087326056, 278.8104670961443, 2755.4830602633538]",normality_statistic_0,0.546225,11.633509,continuous,bar
normality_statistic,"(-inf, 2.442098)","[2.4420980342741934, 11.224123300121676, 40.29032087326056, 278.8104670961443, 2755.4830602633538]",normality_statistic_0,0.803075,11.656698,continuous,box
normality_statistic,"(-inf, 2.442098)","[2.4420980342741934, 11.224123300121676, 40.29032087326056, 278.8104670961443, 2755.4830602633538]",normality_statistic_0,0.0,11.584196,continuous,histogram
normality_statistic,"(-inf, 2.442098)","[2.4420980342741934, 11.224123300121676, 40.29032087326056, 278.8104670961443, 2755.4830602633538]",normality_statistic_0,0.281475,11.609608,continuous,heatmap
length,"(-inf, 29.32)",[29.32],length_0,0.59493,11.742317,continuous,line
length,"(-inf, 29.32)",[29.32],length_0,0.705082,11.765428,continuous,scatter
length,"(-inf, 29.32)",[29.32],length_0,1.0,11.827304,continuous,bar
length,"(-inf, 29.32)",[29.32],length_0,0.506264,11.723714,continuous,box
length,"(-inf, 29.32)",[29.32],length_0,0.0,11.617494,continuous,histogram
length,"(-inf, 29.32)",[29.32],length_0,0.400846,11.701596,continuous,heatmap
range,"(0.001049, 1.884129)","[0.0010489814216271044, 1.884129064832964, 6.755743844124582, 34.00012734936129, 164.90136858540188, 27356.06338867178]",range_1,1.0,11.584932,continuous,line
range,"(0.001049, 1.884129)","[0.0010489814216271044, 1.884129064832964, 6.755743844124582, 34.00012734936129, 164.90136858540188, 27356.06338867178]",range_1,0.993923,11.584486,continuous,scatter
range,"(0.001049, 1.884129)","[0.0010489814216271044, 1.884129064832964, 6.755743844124582, 34.00012734936129, 164.90136858540188, 27356.06338867178]",range_1,0.158995,11.523141,continuous,bar
range,"(0.001049, 1.884129)","[0.0010489814216271044, 1.884129064832964, 6.755743844124582, 34.00012734936129, 164.90136858540188, 27356.06338867178]",range_1,0.759169,11.567238,continuous,box
range,"(0.001049, 1.884129)","[0.0010489814216271044, 1.884129064832964, 6.755743844124582, 34.00012734936129, 164.90136858540188, 27356.06338867178]",range_1,0.182068,11.524836,continuous,histogram
range,"(0.001049, 1.884129)","[0.0010489814216271044, 1.884129064832964, 6.755743844124582, 34.00012734936129, 164.90136858540188, 27356.06338867178]",range_1,0.0,11.511459,continuous,heatmap
entropy,"(0.224124, 1.37279)","[0.2241236507892609, 1.3727904235932133, 2.299301989847614, 3.066440336473527, 4.227416124036235, 7.226597045621564]",entropy_1,0.802516,11.686014,continuous,line
entropy,"(0.224124, 1.37279)","[0.2241236507892609, 1.3727904235932133, 2.299301989847614, 3.066440336473527, 4.227416124036235, 7.226597045621564]",entropy_1,0.881167,11.696007,continuous,scatter
entropy,"(0.224124, 1.37279)","[0.2241236507892609, 1.3727904235932133, 2.299301989847614, 3.066440336473527, 4.227416124036235, 7.226597045621564]",entropy_1,1.0,11.711105,continuous,bar
entropy,"(0.224124, 1.37279)","[0.2241236507892609, 1.3727904235932133, 2.299301989847614, 3.066440336473527, 4.227416124036235, 7.226597045621564]",entropy_1,0.637736,11.665079,continuous,box
entropy,"(0.224124, 1.37279)","[0.2241236507892609, 1.3727904235932133, 2.299301989847614, 3.066440336473527, 4.227416124036235, 7.226597045621564]",entropy_1,0.0,11.584053,continuous,histogram
entropy,"(0.224124, 1.37279)","[0.2241236507892609, 1.3727904235932133, 2.299301989847614, 3.066440336473527, 4.227416124036235, 7.226597045621564]",entropy_1,0.284199,11.620161,continuous,heatmap
q25,"(0.003833, 0.99327)","[0.00383262092795884, 0.993269883817242, 2.486012015035075, 17.989219874720412, 2000.9977107878653]",q25_1,0.871915,11.64729,continuous,line
q25,"(0.003833, 0.99327)","[0.00383262092795884, 0.993269883817242, 2.486012015035075, 17.989219874720412, 2000.9977107878653]",q25_1,1.0,11.661233,continuous,scatter
q25,"(0.003833, 0.99327)","[0.00383262092795884, 0.993269883817242, 2.486012015035075, 17.989219874720412, 2000.9977107878653]",q25_1,0.451153,11.601485,continuous,bar
q25,"(0.003833, 0.99327)","[0.00383262092795884, 0.993269883817242, 2.486012015035075, 17.989219874720412, 2000.9977107878653]",q25_1,0.537682,11.610905,continuous,box
q25,"(0.003833, 0.99327)","[0.00383262092795884, 0.993269883817242, 2.486012015035075, 17.989219874720412, 2000.9977107878653]",q25_1,0.0,11.552373,continuous,histogram
q25,"(0.003833, 0.99327)","[0.00383262092795884, 0.993269883817242, 2.486012015035075, 17.989219874720412, 2000.9977107878653]",q25_1,0.253266,11.579943,continuous,heatmap
q75,"(0.007131, 1.658586)","[0.007131026095875928, 1.65858569099057, 18.23213297659351, 2009.0132802261844]",q75_1,0.786717,11.648893,continuous,line
q75,"(0.007131, 1.658586)","[0.007131026095875928, 1.65858569099057, 18.23213297659351, 2009.0132802261844]",q75_1,1.0,11.668242,continuous,scatter
q75,"(0.007131, 1.658586)","[0.007131026095875928, 1.65858569099057, 18.23213297659351, 2009.0132802261844]",q75_1,0.506461,11.623468,continuous,bar
q75,"(0.007131, 1.658586)","[0.007131026095875928, 1.65858569099057, 18.23213297659351, 2009.0132802261844]",q75_1,0.536194,11.626166,continuous,box
q75,"(0.007131, 1.658586)","[0.007131026095875928, 1.65858569099057, 18.23213297659351, 2009.0132802261844]",q75_1,0.0,11.577522,continuous,histogram
q75,"(0.007131, 1.658586)","[0.007131026095875928, 1.65858569099057, 18.23213297659351, 2009.0132802261844]",q75_1,0.287901,11.603641,continuous,heatmap
med_abs_dev,"(2.4e-05, 0.780167)","[2.4265916763397396e-05, 0.7801671246847797, 2.1782844193520083, 13.450038244185908, 2452.4554838709664]",med_abs_dev_1,0.925629,11.610065,continuous,line
med_abs_dev,"(2.4e-05, 0.780167)","[2.4265916763397396e-05, 0.7801671246847797, 2.1782844193520083, 13.450038244185908, 2452.4554838709664]",med_abs_dev_1,1.0,11.616176,continuous,scatter
med_abs_dev,"(2.4e-05, 0.780167)","[2.4265916763397396e-05, 0.7801671246847797, 2.1782844193520083, 13.450038244185908, 2452.4554838709664]",med_abs_dev_1,0.266022,11.555867,continuous,bar
med_abs_dev,"(2.4e-05, 0.780167)","[2.4265916763397396e-05, 0.7801671246847797, 2.1782844193520083, 13.450038244185908, 2452.4554838709664]",med_abs_dev_1,0.931782,11.610571,continuous,box
med_abs_dev,"(2.4e-05, 0.780167)","[2.4265916763397396e-05, 0.7801671246847797, 2.1782844193520083, 13.450038244185908, 2452.4554838709664]",med_abs_dev_1,0.146093,11.546013,continuous,histogram
med_abs_dev,"(2.4e-05, 0.780167)","[2.4265916763397396e-05, 0.7801671246847797, 2.1782844193520083, 13.450038244185908, 2452.4554838709664]",med_abs_dev_1,0.0,11.534009,continuous,heatmap
skewness,"(-0.393794, -0.008621)","[-0.393793818426709, -0.008621457328779593, 0.00147035170271392, 0.6223711049364465, 3.101168877463187]",skewness_1,0.841536,11.672571,continuous,line
skewness,"(-0.393794, -0.008621)","[-0.393793818426709, -0.008621457328779593, 0.00147035170271392, 0.6223711049364465, 3.101168877463187]",skewness_1,1.0,11.686326,continuous,scatter
skewness,"(-0.393794, -0.008621)","[-0.393793818426709, -0.008621457328779593, 0.00147035170271392, 0.6223711049364465, 3.101168877463187]",skewness_1,0.032342,11.602332,continuous,bar
skewness,"(-0.393794, -0.008621)","[-0.393793818426709, -0.008621457328779593, 0.00147035170271392, 0.6223711049364465, 3.101168877463187]",skewness_1,0.677828,11.658361,continuous,box
skewness,"(-0.393794, -0.008621)","[-0.393793818426709, -0.008621457328779593, 0.00147035170271392, 0.6223711049364465, 3.101168877463187]",skewness_1,0.0,11.599525,continuous,histogram
skewness,"(-0.393794, -0.008621)","[-0.393793818426709, -0.008621457328779593, 0.00147035170271392, 0.6223711049364465, 3.101168877463187]",skewness_1,0.258065,11.621925,continuous,heatmap
moment_10,"(0.0, 0.094008)","[9.571977461719663e-21, 0.0940079336397108, 2059.777588441911, 26054988855.494194, 2553332197612500.0, 5.3882306893310606e+26]",moment_10_1,1.0,11.574451,continuous,line
moment_10,"(0.0, 0.094008)","[9.571977461719663e-21, 0.0940079336397108, 2059.777588441911, 26054988855.494194, 2553332197612500.0, 5.3882306893310606e+26]",moment_10_1,0.972697,11.572459,continuous,scatter
moment_10,"(0.0, 0.094008)","[9.571977461719663e-21, 0.0940079336397108, 2059.777588441911, 26054988855.494194, 2553332197612500.0, 5.3882306893310606e+26]",moment_10_1,0.111675,11.509632,continuous,bar
moment_10,"(0.0, 0.094008)","[9.571977461719663e-21, 0.0940079336397108, 2059.777588441911, 26054988855.494194, 2553332197612500.0, 5.3882306893310606e+26]",moment_10_1,0.743307,11.555721,continuous,box
moment_10,"(0.0, 0.094008)","[9.571977461719663e-21, 0.0940079336397108, 2059.777588441911, 26054988855.494194, 2553332197612500.0, 5.3882306893310606e+26]",moment_10_1,0.157965,11.513009,continuous,histogram
moment_10,"(0.0, 0.094008)","[9.571977461719663e-21, 0.0940079336397108, 2059.777588441911, 26054988855.494194, 2553332197612500.0, 5.3882306893310606e+26]",moment_10_1,0.0,11.501483,continuous,heatmap
number_of_words_in_name,"(-inf, 1.0)",[1.0],number_of_words_in_name_0,0.209944,11.746453,continuous,line
number_of_words_in_name,"(-inf, 1.0)",[1.0],number_of_words_in_name_0,1.0,11.812304,continuous,scatter
number_of_words_in_name,"(-inf, 1.0)",[1.0],number_of_words_in_name_0,0.876127,11.801979,continuous,bar
number_of_words_in_name,"(-inf, 1.0)",[1.0],number_of_words_in_name_0,0.41475,11.763523,continuous,box
number_of_words_in_name,"(-inf, 1.0)",[1.0],number_of_words_in_name_0,0.0,11.728954,continuous,histogram
number_of_words_in_name,"(-inf, 1.0)",[1.0],number_of_words_in_name_0,0.99872,11.812197,continuous,heatmap
lin_space_sequence_coeff,"(-inf, 0.184736)","[0.18473562403071309, 0.683453381061554, 1.0657484795201209, 1.6128226203303184, 3.0317178572377848, 12.837174805364283]",lin_space_sequence_coeff_0,0.953564,11.573462,continuous,line
lin_space_sequence_coeff,"(-inf, 0.184736)","[0.18473562403071309, 0.683453381061554, 1.0657484795201209, 1.6128226203303184, 3.0317178572377848, 12.837174805364283]",lin_space_sequence_coeff_0,1.0,11.578241,continuous,scatter
lin_space_sequence_coeff,"(-inf, 0.184736)","[0.18473562403071309, 0.683453381061554, 1.0657484795201209, 1.6128226203303184, 3.0317178572377848, 12.837174805364283]",lin_space_sequence_coeff_0,0.473486,11.524055,continuous,bar
lin_space_sequence_coeff,"(-inf, 0.184736)","[0.18473562403071309, 0.683453381061554, 1.0657484795201209, 1.6128226203303184, 3.0317178572377848, 12.837174805364283]",lin_space_sequence_coeff_0,0.180913,11.493946,continuous,box
lin_space_sequence_coeff,"(-inf, 0.184736)","[0.18473562403071309, 0.683453381061554, 1.0657484795201209, 1.6128226203303184, 3.0317178572377848, 12.837174805364283]",lin_space_sequence_coeff_0,0.0,11.475327,continuous,histogram
lin_space_sequence_coeff,"(-inf, 0.184736)","[0.18473562403071309, 0.683453381061554, 1.0657484795201209, 1.6128226203303184, 3.0317178572377848, 12.837174805364283]",lin_space_sequence_coeff_0,0.423414,11.518902,continuous,heatmap
log_space_sequence_coeff,"(0.030451, 0.1007)","[0.004471472915141813, 0.03045050866541362, 0.10070002636121164, 0.19951813624751186, 0.528290071314381]",log_space_sequence_coeff_2,0.773655,11.694641,continuous,line
log_space_sequence_coeff,"(0.030451, 0.1007)","[0.004471472915141813, 0.03045050866541362, 0.10070002636121164, 0.19951813624751186, 0.528290071314381]",log_space_sequence_coeff_2,0.829769,11.699218,continuous,scatter
log_space_sequence_coeff,"(0.030451, 0.1007)","[0.004471472915141813, 0.03045050866541362, 0.10070002636121164, 0.19951813624751186, 0.528290071314381]",log_space_sequence_coeff_2,0.246529,11.65165,continuous,bar
log_space_sequence_coeff,"(0.030451, 0.1007)","[0.004471472915141813, 0.03045050866541362, 0.10070002636121164, 0.19951813624751186, 0.528290071314381]",log_space_sequence_coeff_2,1.0,11.713101,continuous,box
log_space_sequence_coeff,"(0.030451, 0.1007)","[0.004471472915141813, 0.03045050866541362, 0.10070002636121164, 0.19951813624751186, 0.528290071314381]",log_space_sequence_coeff_2,0.0,11.631544,continuous,histogram
log_space_sequence_coeff,"(0.030451, 0.1007)","[0.004471472915141813, 0.03045050866541362, 0.10070002636121164, 0.19951813624751186, 0.528290071314381]",log_space_sequence_coeff_2,0.19778,11.647675,continuous,heatmap
lin_space_sequence_coeff,"(0.683453, 1.065748)","[0.18473562403071309, 0.683453381061554, 1.0657484795201209, 1.6128226203303184, 3.0317178572377848, 12.837174805364283]",lin_space_sequence_coeff_2,0.923533,11.672541,continuous,line
lin_space_sequence_coeff,"(0.683453, 1.065748)","[0.18473562403071309, 0.683453381061554, 1.0657484795201209, 1.6128226203303184, 3.0317178572377848, 12.837174805364283]",lin_space_sequence_coeff_2,0.967003,11.677042,continuous,scatter
lin_space_sequence_coeff,"(0.683453, 1.065748)","[0.18473562403071309, 0.683453381061554, 1.0657484795201209, 1.6128226203303184, 3.0317178572377848, 12.837174805364283]",lin_space_sequence_coeff_2,0.841588,11.664056,continuous,bar
lin_space_sequence_coeff,"(0.683453, 1.065748)","[0.18473562403071309, 0.683453381061554, 1.0657484795201209, 1.6128226203303184, 3.0317178572377848, 12.837174805364283]",lin_space_sequence_coeff_2,1.0,11.680458,continuous,box
lin_space_sequence_coeff,"(0.683453, 1.065748)","[0.18473562403071309, 0.683453381061554, 1.0657484795201209, 1.6128226203303184, 3.0317178572377848, 12.837174805364283]",lin_space_sequence_coeff_2,0.0,11.576918,continuous,histogram
lin_space_sequence_coeff,"(0.683453, 1.065748)","[0.18473562403071309, 0.683453381061554, 1.0657484795201209, 1.6128226203303184, 3.0317178572377848, 12.837174805364283]",lin_space_sequence_coeff_2,0.277267,11.605626,continuous,heatmap
log_space_sequence_coeff,"(0.199518, 0.52829)","[0.004471472915141813, 0.03045050866541362, 0.10070002636121164, 0.19951813624751186, 0.528290071314381]",log_space_sequence_coeff_4,0.844149,11.659472,continuous,line
log_space_sequence_coeff,"(0.199518, 0.52829)","[0.004471472915141813, 0.03045050866541362, 0.10070002636121164, 0.19951813624751186, 0.528290071314381]",log_space_sequence_coeff_4,1.0,11.676787,continuous,scatter
log_space_sequence_coeff,"(0.199518, 0.52829)","[0.004471472915141813, 0.03045050866541362, 0.10070002636121164, 0.19951813624751186, 0.528290071314381]",log_space_sequence_coeff_4,0.987567,11.675406,continuous,bar
log_space_sequence_coeff,"(0.199518, 0.52829)","[0.004471472915141813, 0.03045050866541362, 0.10070002636121164, 0.19951813624751186, 0.528290071314381]",log_space_sequence_coeff_4,0.715287,11.645155,continuous,box
log_space_sequence_coeff,"(0.199518, 0.52829)","[0.004471472915141813, 0.03045050866541362, 0.10070002636121164, 0.19951813624751186, 0.528290071314381]",log_space_sequence_coeff_4,0.0,11.565686,continuous,histogram
log_space_sequence_coeff,"(0.199518, 0.52829)","[0.004471472915141813, 0.03045050866541362, 0.10070002636121164, 0.19951813624751186, 0.528290071314381]",log_space_sequence_coeff_4,0.486359,11.619721,continuous,heatmap
is_unique,is_unique_True,N/A,is_unique_True,0.501479,11.686589,categorical,line
is_unique,is_unique_True,N/A,is_unique_True,0.605695,11.707225,categorical,scatter
is_unique,is_unique_True,N/A,is_unique_True,1.0,11.785303,categorical,bar
is_unique,is_unique_True,N/A,is_unique_True,0.347564,11.656112,categorical,box
is_unique,is_unique_True,N/A,is_unique_True,0.0,11.58729,categorical,histogram
is_unique,is_unique_True,N/A,is_unique_True,0.62381,11.710812,categorical,heatmap
is_lin_space,is_lin_space_True,N/A,is_lin_space_True,0.951703,11.542824,categorical,line
is_lin_space,is_lin_space_True,N/A,is_lin_space_True,1.0,11.547482,categorical,scatter
is_lin_space,is_lin_space_True,N/A,is_lin_space_True,0.503124,11.499566,categorical,bar
is_lin_space,is_lin_space_True,N/A,is_lin_space_True,0.143659,11.464901,categorical,box
is_lin_space,is_lin_space_True,N/A,is_lin_space_True,0.0,11.451047,categorical,histogram
is_lin_space,is_lin_space_True,N/A,is_lin_space_True,0.420223,11.491571,categorical,heatmap
min,"(0.260567, 1.817273)","[0.26056706418914133, 1.817272958832402, 9.322483742621632, 69.52466286197784, 2234.3465037487395]",min_1,0.762909,11.672507,continuous,line
min,"(0.260567, 1.817273)","[0.26056706418914133, 1.817272958832402, 9.322483742621632, 69.52466286197784, 2234.3465037487395]",min_1,1.0,11.687004,continuous,scatter
min,"(0.260567, 1.817273)","[0.26056706418914133, 1.817272958832402, 9.322483742621632, 69.52466286197784, 2234.3465037487395]",min_1,0.470307,11.654615,continuous,bar
min,"(0.260567, 1.817273)","[0.26056706418914133, 1.817272958832402, 9.322483742621632, 69.52466286197784, 2234.3465037487395]",min_1,0.848268,11.677726,continuous,box
min,"(0.260567, 1.817273)","[0.26056706418914133, 1.817272958832402, 9.322483742621632, 69.52466286197784, 2234.3465037487395]",min_1,0.0,11.625857,continuous,histogram
min,"(0.260567, 1.817273)","[0.26056706418914133, 1.817272958832402, 9.322483742621632, 69.52466286197784, 2234.3465037487395]",min_1,0.242427,11.64068,continuous,heatmap
q25,"(0.99327, 2.486012)","[0.00383262092795884, 0.993269883817242, 2.486012015035075, 17.989219874720412, 2000.9977107878653]",q25_2,0.656631,11.669774,continuous,line
q25,"(0.99327, 2.486012)","[0.00383262092795884, 0.993269883817242, 2.486012015035075, 17.989219874720412, 2000.9977107878653]",q25_2,1.0,11.689292,continuous,scatter
q25,"(0.99327, 2.486012)","[0.00383262092795884, 0.993269883817242, 2.486012015035075, 17.989219874720412, 2000.9977107878653]",q25_2,0.570956,11.664904,continuous,bar
q25,"(0.99327, 2.486012)","[0.00383262092795884, 0.993269883817242, 2.486012015035075, 17.989219874720412, 2000.9977107878653]",q25_2,0.716855,11.673197,continuous,box
q25,"(0.99327, 2.486012)","[0.00383262092795884, 0.993269883817242, 2.486012015035075, 17.989219874720412, 2000.9977107878653]",q25_2,0.0,11.632449,continuous,histogram
q25,"(0.99327, 2.486012)","[0.00383262092795884, 0.993269883817242, 2.486012015035075, 17.989219874720412, 2000.9977107878653]",q25_2,0.268132,11.64769,continuous,heatmap
median,"(5.251453, 30.791238)","[0.11030144243110573, 5.251452979118592, 30.791238223660386, 273.1241935483871, 10816.114516129033]",median_2,0.909093,11.672626,continuous,line
median,"(5.251453, 30.791238)","[0.11030144243110573, 5.251452979118592, 30.791238223660386, 273.1241935483871, 10816.114516129033]",median_2,1.0,11.678787,continuous,scatter
median,"(5.251453, 30.791238)","[0.11030144243110573, 5.251452979118592, 30.791238223660386, 273.1241935483871, 10816.114516129033]",median_2,0.489137,11.644162,continuous,bar
median,"(5.251453, 30.791238)","[0.11030144243110573, 5.251452979118592, 30.791238223660386, 273.1241935483871, 10816.114516129033]",median_2,0.940268,11.674738,continuous,box
median,"(5.251453, 30.791238)","[0.11030144243110573, 5.251452979118592, 30.791238223660386, 273.1241935483871, 10816.114516129033]",median_2,0.0,11.61101,continuous,histogram
median,"(5.251453, 30.791238)","[0.11030144243110573, 5.251452979118592, 30.791238223660386, 273.1241935483871, 10816.114516129033]",median_2,0.276611,11.629758,continuous,heatmap
var,"(802.646308, 8941665.196452)","[2.5077526515815407e-05, 1.6052005600929224, 32.22537642817343, 802.6463076486889, 8941665.196451588]",var_4,1.0,11.589054,continuous,line
var,"(802.646308, 8941665.196452)","[2.5077526515815407e-05, 1.6052005600929224, 32.22537642817343, 802.6463076486889, 8941665.196451588]",var_4,0.919602,11.583412,continuous,scatter
var,"(802.646308, 8941665.196452)","[2.5077526515815407e-05, 1.6052005600929224, 32.22537642817343, 802.6463076486889, 8941665.196451588]",var_4,0.565415,11.558554,continuous,bar
var,"(802.646308, 8941665.196452)","[2.5077526515815407e-05, 1.6052005600929224, 32.22537642817343, 802.6463076486889, 8941665.196451588]",var_4,0.540091,11.556777,continuous,box
var,"(802.646308, 8941665.196452)","[2.5077526515815407e-05, 1.6052005600929224, 32.22537642817343, 802.6463076486889, 8941665.196451588]",var_4,0.0,11.518872,continuous,histogram
var,"(802.646308, 8941665.196452)","[2.5077526515815407e-05, 1.6052005600929224, 32.22537642817343, 802.6463076486889, 8941665.196451588]",var_4,0.520217,11.555382,continuous,heatmap
std,"(28.32949, 3000.464824)","[0.00501265075057745, 1.265435202025598, 5.671287387417207, 28.329489892528905, 3000.464824061234]",std_4,1.0,11.594155,continuous,line
std,"(28.32949, 3000.464824)","[0.00501265075057745, 1.265435202025598, 5.671287387417207, 28.329489892528905, 3000.464824061234]",std_4,0.919593,11.588312,continuous,scatter
std,"(28.32949, 3000.464824)","[0.00501265075057745, 1.265435202025598, 5.671287387417207, 28.329489892528905, 3000.464824061234]",std_4,0.561985,11.562326,continuous,bar
std,"(28.32949, 3000.464824)","[0.00501265075057745, 1.265435202025598, 5.671287387417207, 28.329489892528905, 3000.464824061234]",std_4,0.496438,11.557563,continuous,box
std,"(28.32949, 3000.464824)","[0.00501265075057745, 1.265435202025598, 5.671287387417207, 28.329489892528905, 3000.464824061234]",std_4,0.0,11.521489,continuous,histogram
std,"(28.32949, 3000.464824)","[0.00501265075057745, 1.265435202025598, 5.671287387417207, 28.329489892528905, 3000.464824061234]",std_4,0.53388,11.560284,continuous,heatmap
coeff_var,"(5.826227, 326.197109)","[0.0032526775221941202, 0.6636052427753325, 1.7603407242221216, 5.826227477519748, 326.19710867604397]",coeff_var_4,0.82471,11.631564,continuous,line
coeff_var,"(5.826227, 326.197109)","[0.0032526775221941202, 0.6636052427753325, 1.7603407242221216, 5.826227477519748, 326.19710867604397]",coeff_var_4,1.0,11.643128,continuous,scatter
coeff_var,"(5.826227, 326.197109)","[0.0032526775221941202, 0.6636052427753325, 1.7603407242221216, 5.826227477519748, 326.19710867604397]",coeff_var_4,0.400007,11.603548,continuous,bar
coeff_var,"(5.826227, 326.197109)","[0.0032526775221941202, 0.6636052427753325, 1.7603407242221216, 5.826227477519748, 326.19710867604397]",coeff_var_4,0.456726,11.607289,continuous,box
coeff_var,"(5.826227, 326.197109)","[0.0032526775221941202, 0.6636052427753325, 1.7603407242221216, 5.826227477519748, 326.19710867604397]",coeff_var_4,0.0,11.57716,continuous,histogram
coeff_var,"(5.826227, 326.197109)","[0.0032526775221941202, 0.6636052427753325, 1.7603407242221216, 5.826227477519748, 326.19710867604397]",coeff_var_4,0.336318,11.599346,continuous,heatmap
min,"(1.817273, 9.322484)","[0.26056706418914133, 1.817272958832402, 9.322483742621632, 69.52466286197784, 2234.3465037487395]",min_2,0.551589,11.671666,continuous,line
min,"(1.817273, 9.322484)","[0.26056706418914133, 1.817272958832402, 9.322483742621632, 69.52466286197784, 2234.3465037487395]",min_2,0.85936,11.692543,continuous,scatter
min,"(1.817273, 9.322484)","[0.26056706418914133, 1.817272958832402, 9.322483742621632, 69.52466286197784, 2234.3465037487395]",min_2,0.502124,11.668311,continuous,bar
min,"(1.817273, 9.322484)","[0.26056706418914133, 1.817272958832402, 9.322483742621632, 69.52466286197784, 2234.3465037487395]",min_2,1.0,11.702083,continuous,box
min,"(1.817273, 9.322484)","[0.26056706418914133, 1.817272958832402, 9.322483742621632, 69.52466286197784, 2234.3465037487395]",min_2,0.0,11.634251,continuous,histogram
min,"(1.817273, 9.322484)","[0.26056706418914133, 1.817272958832402, 9.322483742621632, 69.52466286197784, 2234.3465037487395]",min_2,0.015288,11.635288,continuous,heatmap
med_abs_dev,"(13.450038, 2452.455484)","[2.4265916763397396e-05, 0.7801671246847797, 2.1782844193520083, 13.450038244185908, 2452.4554838709664]",med_abs_dev_4,1.0,11.607616,continuous,line
med_abs_dev,"(13.450038, 2452.455484)","[2.4265916763397396e-05, 0.7801671246847797, 2.1782844193520083, 13.450038244185908, 2452.4554838709664]",med_abs_dev_4,0.953654,11.603844,continuous,scatter
med_abs_dev,"(13.450038, 2452.455484)","[2.4265916763397396e-05, 0.7801671246847797, 2.1782844193520083, 13.450038244185908, 2452.4554838709664]",med_abs_dev_4,0.528805,11.569268,continuous,bar
med_abs_dev,"(13.450038, 2452.455484)","[2.4265916763397396e-05, 0.7801671246847797, 2.1782844193520083, 13.450038244185908, 2452.4554838709664]",med_abs_dev_4,0.476903,11.565044,continuous,box
med_abs_dev,"(13.450038, 2452.455484)","[2.4265916763397396e-05, 0.7801671246847797, 2.1782844193520083, 13.450038244185908, 2452.4554838709664]",med_abs_dev_4,0.0,11.526232,continuous,histogram
med_abs_dev,"(13.450038, 2452.455484)","[2.4265916763397396e-05, 0.7801671246847797, 2.1782844193520083, 13.450038244185908, 2452.4554838709664]",med_abs_dev_4,0.513678,11.568037,continuous,heatmap
avg_abs_dev,"(21.805818, 2579.856231)","[0.0016913167480379343, 0.8992536992026909, 4.595696832287696, 21.805817592374737, 2579.856231098791]",avg_abs_dev_4,1.0,11.594899,continuous,line
avg_abs_dev,"(21.805818, 2579.856231)","[0.0016913167480379343, 0.8992536992026909, 4.595696832287696, 21.805817592374737, 2579.856231098791]",avg_abs_dev_4,0.940947,11.590231,continuous,scatter
avg_abs_dev,"(21.805818, 2579.856231)","[0.0016913167480379343, 0.8992536992026909, 4.595696832287696, 21.805817592374737, 2579.856231098791]",avg_abs_dev_4,0.599747,11.563261,continuous,bar
avg_abs_dev,"(21.805818, 2579.856231)","[0.0016913167480379343, 0.8992536992026909, 4.595696832287696, 21.805817592374737, 2579.856231098791]",avg_abs_dev_4,0.502207,11.555551,continuous,box
avg_abs_dev,"(21.805818, 2579.856231)","[0.0016913167480379343, 0.8992536992026909, 4.595696832287696, 21.805817592374737, 2579.856231098791]",avg_abs_dev_4,0.0,11.515854,continuous,histogram
avg_abs_dev,"(21.805818, 2579.856231)","[0.0016913167480379343, 0.8992536992026909, 4.595696832287696, 21.805817592374737, 2579.856231098791]",avg_abs_dev_4,0.526485,11.55747,continuous,heatmap
moment_6,"(44125102529.89933, 1.3190857928921512e+20)","[3.7047958857628857e-13, 24.470863465339907, 2608316.9706451613, 44125102529.89933, 1.3190857928921512e+20]",moment_6_4,1.0,11.58827,continuous,line
moment_6,"(44125102529.89933, 1.3190857928921512e+20)","[3.7047958857628857e-13, 24.470863465339907, 2608316.9706451613, 44125102529.89933, 1.3190857928921512e+20]",moment_6_4,0.886314,11.580769,continuous,scatter
moment_6,"(44125102529.89933, 1.3190857928921512e+20)","[3.7047958857628857e-13, 24.470863465339907, 2608316.9706451613, 44125102529.89933, 1.3190857928921512e+20]",moment_6_4,0.544246,11.558197,continuous,bar
moment_6,"(44125102529.89933, 1.3190857928921512e+20)","[3.7047958857628857e-13, 24.470863465339907, 2608316.9706451613, 44125102529.89933, 1.3190857928921512e+20]",moment_6_4,0.538881,11.557843,continuous,box
moment_6,"(44125102529.89933, 1.3190857928921512e+20)","[3.7047958857628857e-13, 24.470863465339907, 2608316.9706451613, 44125102529.89933, 1.3190857928921512e+20]",moment_6_4,0.0,11.522284,continuous,histogram
moment_6,"(44125102529.89933, 1.3190857928921512e+20)","[3.7047958857628857e-13, 24.470863465339907, 2608316.9706451613, 44125102529.89933, 1.3190857928921512e+20]",moment_6_4,0.517477,11.556431,continuous,heatmap
moment_8,"(313954491464076.7, 2.5877225658845137e+24)","[6.96370545438728e-17, 105.55832996983654, 7902707318.585811, 313954491464076.7, 2.5877225658845137e+24]",moment_8_4,1.0,11.585959,continuous,line
moment_8,"(313954491464076.7, 2.5877225658845137e+24)","[6.96370545438728e-17, 105.55832996983654, 7902707318.585811, 313954491464076.7, 2.5877225658845137e+24]",moment_8_4,0.90843,11.58046,continuous,scatter
moment_8,"(313954491464076.7, 2.5877225658845137e+24)","[6.96370545438728e-17, 105.55832996983654, 7902707318.585811, 313954491464076.7, 2.5877225658845137e+24]",moment_8_4,0.575494,11.560463,continuous,bar
moment_8,"(313954491464076.7, 2.5877225658845137e+24)","[6.96370545438728e-17, 105.55832996983654, 7902707318.585811, 313954491464076.7, 2.5877225658845137e+24]",moment_8_4,0.573232,11.560327,continuous,box
moment_8,"(313954491464076.7, 2.5877225658845137e+24)","[6.96370545438728e-17, 105.55832996983654, 7902707318.585811, 313954491464076.7, 2.5877225658845137e+24]",moment_8_4,0.0,11.525898,continuous,histogram
moment_8,"(313954491464076.7, 2.5877225658845137e+24)","[6.96370545438728e-17, 105.55832996983654, 7902707318.585811, 313954491464076.7, 2.5877225658845137e+24]",moment_8_4,0.507655,11.556389,continuous,heatmap
moment_10,"(2553332197612500.0, 5.3882306893310606e+26)","[9.571977461719663e-21, 0.0940079336397108, 2059.777588441911, 26054988855.494194, 2553332197612500.0, 5.3882306893310606e+26]",moment_10_5,0.931071,11.598287,continuous,line
moment_10,"(2553332197612500.0, 5.3882306893310606e+26)","[9.571977461719663e-21, 0.0940079336397108, 2059.777588441911, 26054988855.494194, 2553332197612500.0, 5.3882306893310606e+26]",moment_10_5,1.0,11.602569,continuous,scatter
moment_10,"(2553332197612500.0, 5.3882306893310606e+26)","[9.571977461719663e-21, 0.0940079336397108, 2059.777588441911, 26054988855.494194, 2553332197612500.0, 5.3882306893310606e+26]",moment_10_5,0.383589,11.564279,continuous,bar
moment_10,"(2553332197612500.0, 5.3882306893310606e+26)","[9.571977461719663e-21, 0.0940079336397108, 2059.777588441911, 26054988855.494194, 2553332197612500.0, 5.3882306893310606e+26]",moment_10_5,0.547401,11.574454,continuous,box
moment_10,"(2553332197612500.0, 5.3882306893310606e+26)","[9.571977461719663e-21, 0.0940079336397108, 2059.777588441911, 26054988855.494194, 2553332197612500.0, 5.3882306893310606e+26]",moment_10_5,0.0,11.540451,continuous,histogram
moment_10,"(2553332197612500.0, 5.3882306893310606e+26)","[9.571977461719663e-21, 0.0940079336397108, 2059.777588441911, 26054988855.494194, 2553332197612500.0, 5.3882306893310606e+26]",moment_10_5,0.315863,11.560072,continuous,heatmap
max,"(639.070255, 26214.493503)","[1.3695104261367552, 5.469374160151327, 19.999878525272493, 56.596889114379884, 639.0702552057083, 26214.49350302417]",max_5,1.0,11.641579,continuous,line
max,"(639.070255, 26214.493503)","[1.3695104261367552, 5.469374160151327, 19.999878525272493, 56.596889114379884, 639.0702552057083, 26214.49350302417]",max_5,0.715075,11.620627,continuous,scatter
max,"(639.070255, 26214.493503)","[1.3695104261367552, 5.469374160151327, 19.999878525272493, 56.596889114379884, 639.0702552057083, 26214.49350302417]",max_5,0.593042,11.611653,continuous,bar
max,"(639.070255, 26214.493503)","[1.3695104261367552, 5.469374160151327, 19.999878525272493, 56.596889114379884, 639.0702552057083, 26214.49350302417]",max_5,0.538739,11.60766,continuous,box
max,"(639.070255, 26214.493503)","[1.3695104261367552, 5.469374160151327, 19.999878525272493, 56.596889114379884, 639.0702552057083, 26214.49350302417]",max_5,0.0,11.568044,continuous,histogram
max,"(639.070255, 26214.493503)","[1.3695104261367552, 5.469374160151327, 19.999878525272493, 56.596889114379884, 639.0702552057083, 26214.49350302417]",max_5,0.589566,11.611397,continuous,heatmap
range,"(164.901369, 27356.063389)","[0.0010489814216271044, 1.884129064832964, 6.755743844124582, 34.00012734936129, 164.90136858540188, 27356.06338867178]",range_5,1.0,11.606676,continuous,line
range,"(164.901369, 27356.063389)","[0.0010489814216271044, 1.884129064832964, 6.755743844124582, 34.00012734936129, 164.90136858540188, 27356.06338867178]",range_5,0.848098,11.59593,continuous,scatter
range,"(164.901369, 27356.063389)","[0.0010489814216271044, 1.884129064832964, 6.755743844124582, 34.00012734936129, 164.90136858540188, 27356.06338867178]",range_5,0.567269,11.576063,continuous,bar
range,"(164.901369, 27356.063389)","[0.0010489814216271044, 1.884129064832964, 6.755743844124582, 34.00012734936129, 164.90136858540188, 27356.06338867178]",range_5,0.550996,11.574912,continuous,box
range,"(164.901369, 27356.063389)","[0.0010489814216271044, 1.884129064832964, 6.755743844124582, 34.00012734936129, 164.90136858540188, 27356.06338867178]",range_5,0.0,11.535933,continuous,histogram
range,"(164.901369, 27356.063389)","[0.0010489814216271044, 1.884129064832964, 6.755743844124582, 34.00012734936129, 164.90136858540188, 27356.06338867178]",range_5,0.577169,11.576764,continuous,heatmap
normalized_mean,"(0.525934, 0.6351)","[0.12335866319556389, 0.4055944875219176, 0.5259337732099718, 0.6351002664527585, 0.7784608491774527, 0.9896777660615983]",normalized_mean_3,0.825501,11.661742,continuous,line
normalized_mean,"(0.525934, 0.6351)","[0.12335866319556389, 0.4055944875219176, 0.5259337732099718, 0.6351002664527585, 0.7784608491774527, 0.9896777660615983]",normalized_mean_3,1.0,11.679626,continuous,scatter
normalized_mean,"(0.525934, 0.6351)","[0.12335866319556389, 0.4055944875219176, 0.5259337732099718, 0.6351002664527585, 0.7784608491774527, 0.9896777660615983]",normalized_mean_3,0.486934,11.627043,continuous,bar
normalized_mean,"(0.525934, 0.6351)","[0.12335866319556389, 0.4055944875219176, 0.5259337732099718, 0.6351002664527585, 0.7784608491774527, 0.9896777660615983]",normalized_mean_3,0.617745,11.64045,continuous,box
normalized_mean,"(0.525934, 0.6351)","[0.12335866319556389, 0.4055944875219176, 0.5259337732099718, 0.6351002664527585, 0.7784608491774527, 0.9896777660615983]",normalized_mean_3,0.0,11.577139,continuous,histogram
normalized_mean,"(0.525934, 0.6351)","[0.12335866319556389, 0.4055944875219176, 0.5259337732099718, 0.6351002664527585, 0.7784608491774527, 0.9896777660615983]",normalized_mean_3,0.305045,11.608402,continuous,heatmap
normalized_range,"(1.060591, 1.784245)","[0.023459269971616813, 0.4650886678887952, 1.0605909924353323, 1.7842451153262968, 2.6604745115772372, 21.228070812840613]",normalized_range_3,0.82422,11.660998,continuous,line
normalized_range,"(1.060591, 1.784245)","[0.023459269971616813, 0.4650886678887952, 1.0605909924353323, 1.7842451153262968, 2.6604745115772372, 21.228070812840613]",normalized_range_3,1.0,11.678988,continuous,scatter
normalized_range,"(1.060591, 1.784245)","[0.023459269971616813, 0.4650886678887952, 1.0605909924353323, 1.7842451153262968, 2.6604745115772372, 21.228070812840613]",normalized_range_3,0.495586,11.627363,continuous,bar
normalized_range,"(1.060591, 1.784245)","[0.023459269971616813, 0.4650886678887952, 1.0605909924353323, 1.7842451153262968, 2.6604745115772372, 21.228070812840613]",normalized_range_3,0.723162,11.650655,continuous,box
normalized_range,"(1.060591, 1.784245)","[0.023459269971616813, 0.4650886678887952, 1.0605909924353323, 1.7842451153262968, 2.6604745115772372, 21.228070812840613]",normalized_range_3,0.0,11.57664,continuous,histogram
normalized_range,"(1.060591, 1.784245)","[0.023459269971616813, 0.4650886678887952, 1.0605909924353323, 1.7842451153262968, 2.6604745115772372, 21.228070812840613]",normalized_range_3,0.343827,11.61183,continuous,heatmap
entropy,"(1.37279, 2.299302)","[0.2241236507892609, 1.3727904235932133, 2.299301989847614, 3.066440336473527, 4.227416124036235, 7.226597045621564]",entropy_2,0.773586,11.675908,continuous,line
entropy,"(1.37279, 2.299302)","[0.2241236507892609, 1.3727904235932133, 2.299301989847614, 3.066440336473527, 4.227416124036235, 7.226597045621564]",entropy_2,1.0,11.705163,continuous,scatter
entropy,"(1.37279, 2.299302)","[0.2241236507892609, 1.3727904235932133, 2.299301989847614, 3.066440336473527, 4.227416124036235, 7.226597045621564]",entropy_2,0.87988,11.689643,continuous,bar
entropy,"(1.37279, 2.299302)","[0.2241236507892609, 1.3727904235932133, 2.299301989847614, 3.066440336473527, 4.227416124036235, 7.226597045621564]",entropy_2,0.637625,11.658341,continuous,box
entropy,"(1.37279, 2.299302)","[0.2241236507892609, 1.3727904235932133, 2.299301989847614, 3.066440336473527, 4.227416124036235, 7.226597045621564]",entropy_2,0.0,11.575953,continuous,histogram
entropy,"(1.37279, 2.299302)","[0.2241236507892609, 1.3727904235932133, 2.299301989847614, 3.066440336473527, 4.227416124036235, 7.226597045621564]",entropy_2,0.350374,11.621225,continuous,heatmap
lin_space_sequence_coeff,"(0.184736, 0.683453)","[0.18473562403071309, 0.683453381061554, 1.0657484795201209, 1.6128226203303184, 3.0317178572377848, 12.837174805364283]",lin_space_sequence_coeff_1,0.822732,11.671183,continuous,line
lin_space_sequence_coeff,"(0.184736, 0.683453)","[0.18473562403071309, 0.683453381061554, 1.0657484795201209, 1.6128226203303184, 3.0317178572377848, 12.837174805364283]",lin_space_sequence_coeff_1,1.0,11.695396,continuous,scatter
lin_space_sequence_coeff,"(0.184736, 0.683453)","[0.18473562403071309, 0.683453381061554, 1.0657484795201209, 1.6128226203303184, 3.0317178572377848, 12.837174805364283]",lin_space_sequence_coeff_1,0.694406,11.653656,continuous,bar
lin_space_sequence_coeff,"(0.184736, 0.683453)","[0.18473562403071309, 0.683453381061554, 1.0657484795201209, 1.6128226203303184, 3.0317178572377848, 12.837174805364283]",lin_space_sequence_coeff_1,0.682818,11.652073,continuous,box
lin_space_sequence_coeff,"(0.184736, 0.683453)","[0.18473562403071309, 0.683453381061554, 1.0657484795201209, 1.6128226203303184, 3.0317178572377848, 12.837174805364283]",lin_space_sequence_coeff_1,0.0,11.55881,continuous,histogram
lin_space_sequence_coeff,"(0.184736, 0.683453)","[0.18473562403071309, 0.683453381061554, 1.0657484795201209, 1.6128226203303184, 3.0317178572377848, 12.837174805364283]",lin_space_sequence_coeff_1,0.359366,11.607894,continuous,heatmap
normalized_mean,"(0.405594, 0.525934)","[0.12335866319556389, 0.4055944875219176, 0.5259337732099718, 0.6351002664527585, 0.7784608491774527, 0.9896777660615983]",normalized_mean_2,0.98195,11.659531,continuous,line
normalized_mean,"(0.405594, 0.525934)","[0.12335866319556389, 0.4055944875219176, 0.5259337732099718, 0.6351002664527585, 0.7784608491774527, 0.9896777660615983]",normalized_mean_2,1.0,11.661273,continuous,scatter
normalized_mean,"(0.405594, 0.525934)","[0.12335866319556389, 0.4055944875219176, 0.5259337732099718, 0.6351002664527585, 0.7784608491774527, 0.9896777660615983]",normalized_mean_2,0.3216,11.595813,continuous,bar
normalized_mean,"(0.405594, 0.525934)","[0.12335866319556389, 0.4055944875219176, 0.5259337732099718, 0.6351002664527585, 0.7784608491774527, 0.9896777660615983]",normalized_mean_2,0.339482,11.597539,continuous,box
normalized_mean,"(0.405594, 0.525934)","[0.12335866319556389, 0.4055944875219176, 0.5259337732099718, 0.6351002664527585, 0.7784608491774527, 0.9896777660615983]",normalized_mean_2,0.0,11.564782,continuous,histogram
normalized_mean,"(0.405594, 0.525934)","[0.12335866319556389, 0.4055944875219176, 0.5259337732099718, 0.6351002664527585, 0.7784608491774527, 0.9896777660615983]",normalized_mean_2,0.415389,11.604863,continuous,heatmap
normalized_median,"(0.345166, 0.51007)","[0.0006439799570568626, 0.34516593635082243, 0.5100700477919271, 0.6504355974735753, 0.8352578886189768, 0.9933362595496638]",normalized_median_2,1.0,11.665186,continuous,line
normalized_median,"(0.345166, 0.51007)","[0.0006439799570568626, 0.34516593635082243, 0.5100700477919271, 0.6504355974735753, 0.8352578886189768, 0.9933362595496638]",normalized_median_2,0.992014,11.664523,continuous,scatter
normalized_median,"(0.345166, 0.51007)","[0.0006439799570568626, 0.34516593635082243, 0.5100700477919271, 0.6504355974735753, 0.8352578886189768, 0.9933362595496638]",normalized_median_2,0.237308,11.601893,continuous,bar
normalized_median,"(0.345166, 0.51007)","[0.0006439799570568626, 0.34516593635082243, 0.5100700477919271, 0.6504355974735753, 0.8352578886189768, 0.9933362595496638]",normalized_median_2,0.402408,11.615594,continuous,box
normalized_median,"(0.345166, 0.51007)","[0.0006439799570568626, 0.34516593635082243, 0.5100700477919271, 0.6504355974735753, 0.8352578886189768, 0.9933362595496638]",normalized_median_2,0.0,11.5822,continuous,histogram
normalized_median,"(0.345166, 0.51007)","[0.0006439799570568626, 0.34516593635082243, 0.5100700477919271, 0.6504355974735753, 0.8352578886189768, 0.9933362595496638]",normalized_median_2,0.352168,11.611425,continuous,heatmap
quant_coeff_disp,"(1e-06, 0.001787)","[8.880032987873734e-07, 0.0017868509422987698, 0.019905503821228777, 0.3483862898330532]",quant_coeff_disp_1,1.0,11.654571,continuous,line
quant_coeff_disp,"(1e-06, 0.001787)","[8.880032987873734e-07, 0.0017868509422987698, 0.019905503821228777, 0.3483862898330532]",quant_coeff_disp_1,0.886031,11.643973,continuous,scatter
quant_coeff_disp,"(1e-06, 0.001787)","[8.880032987873734e-07, 0.0017868509422987698, 0.019905503821228777, 0.3483862898330532]",quant_coeff_disp_1,0.671458,11.62402,continuous,bar
quant_coeff_disp,"(1e-06, 0.001787)","[8.880032987873734e-07, 0.0017868509422987698, 0.019905503821228777, 0.3483862898330532]",quant_coeff_disp_1,0.922016,11.647319,continuous,box
quant_coeff_disp,"(1e-06, 0.001787)","[8.880032987873734e-07, 0.0017868509422987698, 0.019905503821228777, 0.3483862898330532]",quant_coeff_disp_1,0.0,11.56158,continuous,histogram
quant_coeff_disp,"(1e-06, 0.001787)","[8.880032987873734e-07, 0.0017868509422987698, 0.019905503821228777, 0.3483862898330532]",quant_coeff_disp_1,0.282076,11.58781,continuous,heatmap
data_type,string,N/A,string,0.295363,11.570345,categorical,line
data_type,string,N/A,string,0.391714,11.588384,categorical,scatter
data_type,string,N/A,string,1.0,11.702267,categorical,bar
data_type,string,N/A,string,0.420243,11.593725,categorical,box
data_type,string,N/A,string,0.0,11.515047,categorical,histogram
data_type,string,N/A,string,0.651853,11.637087,categorical,heatmap
general_type,c,N/A,c,0.288947,11.562618,categorical,line
general_type,c,N/A,c,0.389968,11.581286,categorical,scatter
general_type,c,N/A,c,1.0,11.694022,categorical,bar
general_type,c,N/A,c,0.400443,11.583222,categorical,box
general_type,c,N/A,c,0.0,11.509219,categorical,histogram
general_type,c,N/A,c,0.659233,11.631047,categorical,heatmap
is_monotonic,is_monotonic_False,N/A,is_monotonic_False,0.283146,11.572992,categorical,line
is_monotonic,is_monotonic_False,N/A,is_monotonic_False,0.393922,11.593483,categorical,scatter
is_monotonic,is_monotonic_False,N/A,is_monotonic_False,1.0,11.70559,categorical,bar
is_monotonic,is_monotonic_False,N/A,is_monotonic_False,0.406579,11.595824,categorical,box
is_monotonic,is_monotonic_False,N/A,is_monotonic_False,0.0,11.520618,categorical,histogram
is_monotonic,is_monotonic_False,N/A,is_monotonic_False,0.662679,11.643195,categorical,heatmap
mean,"(281.886005, 8262.562251)","[0.19169357286826255, 4.191202395962129, 31.850277947456604, 281.8860048355595, 8262.562250976542]",mean_4,1.0,11.62639,continuous,line
mean,"(281.886005, 8262.562251)","[0.19169357286826255, 4.191202395962129, 31.850277947456604, 281.8860048355595, 8262.562250976542]",mean_4,0.735672,11.604946,continuous,scatter
mean,"(281.886005, 8262.562251)","[0.19169357286826255, 4.191202395962129, 31.850277947456604, 281.8860048355595, 8262.562250976542]",mean_4,0.62654,11.596092,continuous,bar
mean,"(281.886005, 8262.562251)","[0.19169357286826255, 4.191202395962129, 31.850277947456604, 281.8860048355595, 8262.562250976542]",mean_4,0.543403,11.589348,continuous,box
mean,"(281.886005, 8262.562251)","[0.19169357286826255, 4.191202395962129, 31.850277947456604, 281.8860048355595, 8262.562250976542]",mean_4,0.0,11.545263,continuous,histogram
mean,"(281.886005, 8262.562251)","[0.19169357286826255, 4.191202395962129, 31.850277947456604, 281.8860048355595, 8262.562250976542]",mean_4,0.577655,11.592126,continuous,heatmap
median,"(273.124194, 10816.114516)","[0.11030144243110573, 5.251452979118592, 30.791238223660386, 273.1241935483871, 10816.114516129033]",median_4,1.0,11.615615,continuous,line
median,"(273.124194, 10816.114516)","[0.11030144243110573, 5.251452979118592, 30.791238223660386, 273.1241935483871, 10816.114516129033]",median_4,0.729424,11.59334,continuous,scatter
median,"(273.124194, 10816.114516)","[0.11030144243110573, 5.251452979118592, 30.791238223660386, 273.1241935483871, 10816.114516129033]",median_4,0.556504,11.579104,continuous,bar
median,"(273.124194, 10816.114516)","[0.11030144243110573, 5.251452979118592, 30.791238223660386, 273.1241935483871, 10816.114516129033]",median_4,0.521894,11.576255,continuous,box
median,"(273.124194, 10816.114516)","[0.11030144243110573, 5.251452979118592, 30.791238223660386, 273.1241935483871, 10816.114516129033]",median_4,0.0,11.533289,continuous,histogram
median,"(273.124194, 10816.114516)","[0.11030144243110573, 5.251452979118592, 30.791238223660386, 273.1241935483871, 10816.114516129033]",median_4,0.577907,11.580866,continuous,heatmap
quant_coeff_disp,"(0.019906, 0.348386)","[8.880032987873734e-07, 0.0017868509422987698, 0.019905503821228777, 0.3483862898330532]",quant_coeff_disp_3,1.0,11.676066,continuous,line
quant_coeff_disp,"(0.019906, 0.348386)","[8.880032987873734e-07, 0.0017868509422987698, 0.019905503821228777, 0.3483862898330532]",quant_coeff_disp_3,0.964044,11.674007,continuous,scatter
quant_coeff_disp,"(0.019906, 0.348386)","[8.880032987873734e-07, 0.0017868509422987698, 0.019905503821228777, 0.3483862898330532]",quant_coeff_disp_3,0.173658,11.628735,continuous,bar
quant_coeff_disp,"(0.019906, 0.348386)","[8.880032987873734e-07, 0.0017868509422987698, 0.019905503821228777, 0.3483862898330532]",quant_coeff_disp_3,0.916843,11.671303,continuous,box
quant_coeff_disp,"(0.019906, 0.348386)","[8.880032987873734e-07, 0.0017868509422987698, 0.019905503821228777, 0.3483862898330532]",quant_coeff_disp_3,0.0,11.618788,continuous,histogram
quant_coeff_disp,"(0.019906, 0.348386)","[8.880032987873734e-07, 0.0017868509422987698, 0.019905503821228777, 0.3483862898330532]",quant_coeff_disp_3,0.48255,11.646427,continuous,heatmap
max,"(19.999879, 56.596889)","[1.3695104261367552, 5.469374160151327, 19.999878525272493, 56.596889114379884, 639.0702552057083, 26214.49350302417]",max_3,1.0,11.668471,continuous,line
max,"(19.999879, 56.596889)","[1.3695104261367552, 5.469374160151327, 19.999878525272493, 56.596889114379884, 639.0702552057083, 26214.49350302417]",max_3,0.945883,11.664871,continuous,scatter
max,"(19.999879, 56.596889)","[1.3695104261367552, 5.469374160151327, 19.999878525272493, 56.596889114379884, 639.0702552057083, 26214.49350302417]",max_3,0.436003,11.630952,continuous,bar
max,"(19.999879, 56.596889)","[1.3695104261367552, 5.469374160151327, 19.999878525272493, 56.596889114379884, 639.0702552057083, 26214.49350302417]",max_3,0.903353,11.662041,continuous,box
max,"(19.999879, 56.596889)","[1.3695104261367552, 5.469374160151327, 19.999878525272493, 56.596889114379884, 639.0702552057083, 26214.49350302417]",max_3,0.0,11.601948,continuous,histogram
max,"(19.999879, 56.596889)","[1.3695104261367552, 5.469374160151327, 19.999878525272493, 56.596889114379884, 639.0702552057083, 26214.49350302417]",max_3,0.205021,11.615587,continuous,heatmap
entropy,"(2.299302, 3.06644)","[0.2241236507892609, 1.3727904235932133, 2.299301989847614, 3.066440336473527, 4.227416124036235, 7.226597045621564]",entropy_3,0.995399,11.727999,continuous,line
entropy,"(2.299302, 3.06644)","[0.2241236507892609, 1.3727904235932133, 2.299301989847614, 3.066440336473527, 4.227416124036235, 7.226597045621564]",entropy_3,0.742694,11.707052,continuous,scatter
entropy,"(2.299302, 3.06644)","[0.2241236507892609, 1.3727904235932133, 2.299301989847614, 3.066440336473527, 4.227416124036235, 7.226597045621564]",entropy_3,0.565526,11.692366,continuous,bar
entropy,"(2.299302, 3.06644)","[0.2241236507892609, 1.3727904235932133, 2.299301989847614, 3.066440336473527, 4.227416124036235, 7.226597045621564]",entropy_3,1.0,11.72838,continuous,box
entropy,"(2.299302, 3.06644)","[0.2241236507892609, 1.3727904235932133, 2.299301989847614, 3.066440336473527, 4.227416124036235, 7.226597045621564]",entropy_3,0.0,11.645489,continuous,histogram
entropy,"(2.299302, 3.06644)","[0.2241236507892609, 1.3727904235932133, 2.299301989847614, 3.066440336473527, 4.227416124036235, 7.226597045621564]",entropy_3,0.238982,11.665299,continuous,heatmap
min,"(69.524663, 2234.346504)","[0.26056706418914133, 1.817272958832402, 9.322483742621632, 69.52466286197784, 2234.3465037487395]",min_4,1.0,11.654392,continuous,line
min,"(69.524663, 2234.346504)","[0.26056706418914133, 1.817272958832402, 9.322483742621632, 69.52466286197784, 2234.3465037487395]",min_4,0.73975,11.633027,continuous,scatter
min,"(69.524663, 2234.346504)","[0.26056706418914133, 1.817272958832402, 9.322483742621632, 69.52466286197784, 2234.3465037487395]",min_4,0.632574,11.624229,continuous,bar
min,"(69.524663, 2234.346504)","[0.26056706418914133, 1.817272958832402, 9.322483742621632, 69.52466286197784, 2234.3465037487395]",min_4,0.720746,11.631467,continuous,box
min,"(69.524663, 2234.346504)","[0.26056706418914133, 1.817272958832402, 9.322483742621632, 69.52466286197784, 2234.3465037487395]",min_4,0.0,11.572299,continuous,histogram
min,"(69.524663, 2234.346504)","[0.26056706418914133, 1.817272958832402, 9.322483742621632, 69.52466286197784, 2234.3465037487395]",min_4,0.390896,11.604389,continuous,heatmap
normality_p,"(0.000443, 0.112182)","[1.414449563859021e-12, 0.00044312036605626947, 0.11218227241308461, 0.5909588890883231]",normality_p_2,0.955744,11.701607,continuous,line
normality_p,"(0.000443, 0.112182)","[1.414449563859021e-12, 0.00044312036605626947, 0.11218227241308461, 0.5909588890883231]",normality_p_2,0.531044,11.671725,continuous,scatter
normality_p,"(0.000443, 0.112182)","[1.414449563859021e-12, 0.00044312036605626947, 0.11218227241308461, 0.5909588890883231]",normality_p_2,0.0,11.634361,continuous,bar
normality_p,"(0.000443, 0.112182)","[1.414449563859021e-12, 0.00044312036605626947, 0.11218227241308461, 0.5909588890883231]",normality_p_2,1.0,11.704721,continuous,box
normality_p,"(0.000443, 0.112182)","[1.414449563859021e-12, 0.00044312036605626947, 0.11218227241308461, 0.5909588890883231]",normality_p_2,0.115721,11.642503,continuous,histogram
normality_p,"(0.000443, 0.112182)","[1.414449563859021e-12, 0.00044312036605626947, 0.11218227241308461, 0.5909588890883231]",normality_p_2,0.021596,11.635881,continuous,heatmap
symbol_in_name,time,N/A,time,0.908961,11.757285,categorical,line
symbol_in_name,time,N/A,time,1.0,11.768025,categorical,scatter
symbol_in_name,time,N/A,time,0.624726,11.723756,categorical,bar
symbol_in_name,time,N/A,time,0.56744,11.716998,categorical,box
symbol_in_name,time,N/A,time,0.0,11.650061,categorical,histogram
symbol_in_name,time,N/A,time,0.644527,11.726092,categorical,heatmap
symbol_in_name,dollar,N/A,dollar,1.0,11.792433,categorical,line
symbol_in_name,dollar,N/A,dollar,0.697609,11.752691,categorical,scatter
symbol_in_name,dollar,N/A,dollar,0.474494,11.723367,categorical,bar
symbol_in_name,dollar,N/A,dollar,0.588246,11.738317,categorical,box
symbol_in_name,dollar,N/A,dollar,0.0,11.661006,categorical,histogram
symbol_in_name,dollar,N/A,dollar,0.285901,11.698581,categorical,heatmap
has_none,has_none_True,N/A,has_none_True,1.0,11.637889,categorical,line
has_none,has_none_True,N/A,has_none_True,0.363355,11.589041,categorical,scatter
has_none,has_none_True,N/A,has_none_True,0.002041,11.561318,categorical,bar
has_none,has_none_True,N/A,has_none_True,0.542769,11.602807,categorical,box
has_none,has_none_True,N/A,has_none_True,0.000285,11.561183,categorical,histogram
has_none,has_none_True,N/A,has_none_True,0.0,11.561161,categorical,heatmap
symbol_in_name,id,N/A,id,1.0,11.703166,categorical,line
symbol_in_name,id,N/A,id,0.997686,11.70299,categorical,scatter
symbol_in_name,id,N/A,id,0.612118,11.673692,categorical,bar
symbol_in_name,id,N/A,id,0.680962,11.678923,categorical,box
symbol_in_name,id,N/A,id,0.0,11.627178,categorical,histogram
symbol_in_name,id,N/A,id,0.523514,11.666959,categorical,heatmap
symbol_in_name,euro,N/A,euro,0.953993,11.388417,categorical,line
symbol_in_name,euro,N/A,euro,1.0,11.39146,categorical,scatter
symbol_in_name,euro,N/A,euro,0.575433,11.363379,categorical,bar
symbol_in_name,euro,N/A,euro,0.432641,11.353934,categorical,box
symbol_in_name,euro,N/A,euro,0.0,11.325319,categorical,histogram
symbol_in_name,euro,N/A,euro,0.434301,11.354044,categorical,heatmap
symbol_in_name,pound,N/A,pound,0.67251,11.404653,categorical,line
symbol_in_name,pound,N/A,pound,0.729365,11.409129,categorical,scatter
symbol_in_name,pound,N/A,pound,1.0,11.430436,categorical,bar
symbol_in_name,pound,N/A,pound,0.728673,11.409074,categorical,box
symbol_in_name,pound,N/A,pound,0.0,11.351705,categorical,histogram
symbol_in_name,pound,N/A,pound,0.609342,11.399679,categorical,heatmap
